Kreisfreie Städte und Landkreise nach Fläche, Bevölkerung und Bevölkerungsdichte;;;;;;;;;;;;;;;;;
Gebietsstand: 31.12.2023;;;;;;;;;;;;;;;;;
;;;;;;;;;;;;;;;;;
Schlüssel-nummer;Regionale Bezeichnung;Kreisfreie Stadt;NUTS3;"Fläche 
in km2";Bevölkerung auf Grundlage ZENSUS20112);;;;;;;;;;;;
;;Kreis / Landkreis;;;insgesamt;männlich;weiblich;je km2;;;;;;;;;
1;2;  3;  4;  5;   6;   7;   8;   9;;;;;;;;;
;;;;;;;;;;;;;;;;;
01;Schleswig-Holstein;;;;;;;;;;;;;;;;
01001;Kreisfreie Stadt;Flensburg, Stadt;DEF01;    56,73;   92 667;   45 905;   46 762;   1 633;;;;;;;;;
01002;Kreisfreie Stadt;Kiel, Landeshauptstadt;DEF02;    118,65;   248 873;   120 699;   128 174;   2 098;;;;;;;;;
01003;Kreisfreie Stadt;Lübeck, Hansestadt;DEF03;    214,19;   219 044;   105 259;   113 785;   1 023;;;;;;;;;
01004;Kreisfreie Stadt;Neumünster, Stadt;DEF04;    71,66;   80 185;   39 772;   40 413;   1 119;;;;;;;;;
01051;Kreis;Dithmarschen;DEF05;   1 428,17;   135 653;   66 955;   68 698;    95;;;;;;;;;
01053;Kreis;Herzogtum Lauenburg;DEF06;   1 263,06;   204 836;   100 423;   104 413;    162;;;;;;;;;
01054;Kreis;Nordfriesland;DEF07;   2 083,56;   170 007;   83 329;   86 678;    82;;;;;;;;;
01055;Kreis;Ostholstein;DEF08;   1 393,02;   204 275;   98 217;   106 058;    147;;;;;;;;;
01056;Kreis;Pinneberg;DEF09;    664,25;   324 018;   158 966;   165 052;    488;;;;;;;;;
01057;Kreis;Plön;DEF0A;   1 083,56;   131 370;   63 340;   68 030;    121;;;;;;;;;
01058;Kreis;Rendsburg-Eckernförde;DEF0B;   2 189,79;   279 864;   137 946;   141 918;    128;;;;;;;;;
01059;Kreis;Schleswig-Flensburg;DEF0C;   2 071,28;   206 385;   101 821;   104 564;    100;;;;;;;;;
01060;Kreis;Segeberg;DEF0D;   1 344,47;   287 175;   142 076;   145 099;    214;;;;;;;;;
01061;Kreis;Steinburg;DEF0E;   1 055,70;   133 072;   65 749;   67 323;    126;;;;;;;;;
01062;Kreis;Stormarn;DEF0F;    766,23;   248 267;   120 986;   127 281;    324;;;;;;;;;
;;Insgesamt;;   15 804,32;  2 965 691;  1 451 443;  1 514 248;    188;;;;;;;;;
02;Hamburg;;;;;;;;;;;;;;;;
02000;Kreisfreie Stadt;Hamburg, Freie und Hansestadt;DE600;    755,09;  1 910 160;   936 740;   973 420;   2 530;;;;;;;;;
03;Niedersachsen;;;;;;;;;;;;;;;;
031;Statistische Region Braunschweig;;;;;;;;;;;;;;;;
03101;Kreisfreie Stadt;Braunschweig, Stadt;DE911;    192,70;   252 066;   124 898;   127 168;   1 308;;;;;;;;;
03102;Kreisfreie Stadt;Salzgitter, Stadt;DE912;    224,49;   105 039;   52 386;   52 653;    468;;;;;;;;;
03103;Kreisfreie Stadt;Wolfsburg, Stadt;DE913;    204,62;   127 256;   63 352;   63 904;    622;;;;;;;;;
03151;Landkreis;Gifhorn;DE914;   1 567,57;   180 679;   90 014;   90 665;    115;;;;;;;;;
03153;Landkreis;Goslar;DE916;    966,72;   134 485;   66 579;   67 906;    139;;;;;;;;;
03154;Landkreis;Helmstedt;DE917;    676,12;   92 123;   45 501;   46 622;    136;;;;;;;;;
03155;Landkreis;Northeim;DE918;   1 268,77;   132 939;   65 640;   67 299;    105;;;;;;;;;
03157;Landkreis;Peine;DE91A;    536,50;   139 170;   68 997;   70 173;    259;;;;;;;;;
03158;Landkreis;Wolfenbüttel;DE91B;    724,32;   120 755;   59 917;   60 838;    167;;;;;;;;;
03159;Landkreis;Göttingen;DE91C;   1 755,41;   328 952;   161 298;   167 654;    187;;;;;;;;;
032;Statistische Region Hannover;;;;;;;;;;;;;;;;
03241;Landkreis;Region Hannover;DE929;   2 297,13;  1 177 676;   576 580;   601 096;    513;;;;;;;;;
03251;Landkreis;Diepholz;DE922;   1 991,02;   223 832;   110 980;   112 852;    112;;;;;;;;;
03252;Landkreis;Hameln-Pyrmont;DE923;    797,53;   150 377;   72 845;   77 532;    189;;;;;;;;;
03254;Landkreis;Hildesheim;DE925;   1 208,33;   278 571;   136 101;   142 470;    231;;;;;;;;;
03255;Landkreis;Holzminden;DE926;    694,27;   70 706;   35 116;   35 590;    102;;;;;;;;;
03256;Landkreis;Nienburg (Weser);DE927;   1 400,81;   123 888;   61 332;   62 556;    88;;;;;;;;;
03257;Landkreis;Schaumburg;DE928;    675,67;   160 236;   78 593;   81 643;    237;;;;;;;;;
033;Statistische Region Lüneburg;;;;;;;;;;;;;;;;
03351;Landkreis;Celle;DE931;   1 550,83;   182 352;   89 397;   92 955;    118;;;;;;;;;
03352;Landkreis;Cuxhaven;DE932;   2 058,96;   201 838;   98 504;   103 334;    98;;;;;;;;;
03353;Landkreis;Harburg;DE933;   1 248,45;   263 616;   130 183;   133 433;    211;;;;;;;;;
03354;Landkreis;Lüchow-Dannenberg;DE934;   1 227,32;   49 209;   24 024;   25 185;    40;;;;;;;;;
03355;Landkreis;Lüneburg;DE935;   1 327,83;   188 859;   91 759;   97 100;    142;;;;;;;;;
03356;Landkreis;Osterholz;DE936;    652,67;   116 487;   56 812;   59 675;    178;;;;;;;;;
03357;Landkreis;Rotenburg (Wümme);DE937;   2 074,77;   168 454;   84 570;   83 884;    81;;;;;;;;;
03358;Landkreis;Heidekreis;DE938;   1 881,46;   143 220;   71 245;   71 975;    76;;;;;;;;;
03359;Landkreis;Stade;DE939;   1 267,38;   211 467;   104 978;   106 489;    167;;;;;;;;;
03360;Landkreis;Uelzen;DE93A;   1 462,59;   95 088;   46 519;   48 569;    65;;;;;;;;;
03361;Landkreis;Verden;DE93B;    789,33;   141 349;   69 374;   71 975;    179;;;;;;;;;
034;Statistische Region Weser-Ems;;;;;;;;;;;;;;;;
03401;Kreisfreie Stadt;Delmenhorst, Stadt;DE941;    62,45;   78 979;   38 984;   39 995;   1 265;;;;;;;;;
03402;Kreisfreie Stadt;Emden, Stadt;DE942;    112,34;   50 659;   25 242;   25 417;    451;;;;;;;;;
03403;Kreisfreie Stadt;Oldenburg (Oldenburg), Stadt;DE943;    103,09;   174 629;   83 608;   91 021;   1 694;;;;;;;;;
03404;Kreisfreie Stadt;Osnabrück, Stadt;DE944;    119,80;   166 960;   80 585;   86 375;   1 394;;;;;;;;;
03405;Kreisfreie Stadt;Wilhelmshaven, Stadt;DE945;    107,11;   76 247;   37 481;   38 766;    712;;;;;;;;;
03451;Landkreis;Ammerland;DE946;    730,65;   129 108;   63 128;   65 980;    177;;;;;;;;;
03452;Landkreis;Aurich;DE947;   1 287,35;   192 608;   94 776;   97 832;    150;;;;;;;;;
03453;Landkreis;Cloppenburg;DE948;   1 420,34;   178 564;   90 240;   88 324;    126;;;;;;;;;
03454;Landkreis;Emsland;DE949;   2 883,67;   340 280;   172 629;   167 651;    118;;;;;;;;;
03455;Landkreis;Friesland;DE94A;    609,53;   100 630;   48 937;   51 693;    165;;;;;;;;;
03456;Landkreis;Grafschaft Bentheim;DE94B;    981,79;   141 946;   70 979;   70 967;    145;;;;;;;;;
03457;Landkreis;Leer;DE94C;   1 085,72;   173 924;   86 015;   87 909;    160;;;;;;;;;
03458;Landkreis;Oldenburg;DE94D;   1 064,83;   134 621;   66 677;   67 944;    126;;;;;;;;;
03459;Landkreis;Osnabrück;DE94E;   2 121,80;   366 229;   181 675;   184 554;    173;;;;;;;;;
03460;Landkreis;Vechta;DE94F;    814,21;   147 751;   74 314;   73 437;    181;;;;;;;;;
03461;Landkreis;Wesermarsch;DE94G;    824,78;   89 761;   44 883;   44 878;    109;;;;;;;;;
03462;Landkreis;Wittmund;DE94H;    656,86;   58 396;   28 583;   29 813;    89;;;;;;;;;
;;Insgesamt;;   47 709,89;  8 161 981;  4 026 230;  4 135 751;    171;;;;;;;;;
04;Bremen;;;;;;;;;;;;;;;;
04011;Kreisfreie Stadt;Bremen, Stadt;DE501;    318,20;   577 026;   285 270;   291 756;   1 813;;;;;;;;;
04012;Kreisfreie Stadt;Bremerhaven, Stadt;DE502;    101,41;   114 677;   56 716;   57 961;   1 131;;;;;;;;;
;;Insgesamt;;    419,61;   691 703;   341 986;   349 717;   1 648;;;;;;;;;
05;Nordrhein-Westfalen;;;;;;;;;;;;;;;;
051;Reg.-Bez. Düsseldorf;;;;;;;;;;;;;;;;
05111;Kreisfreie Stadt;Düsseldorf, Stadt;DEA11;    217,41;   631 217;   304 616;   326 601;   2 903;;;;;;;;;
05112;Kreisfreie Stadt;Duisburg, Stadt;DEA12;    232,84;   503 707;   249 120;   254 587;   2 163;;;;;;;;;
05113;Kreisfreie Stadt;Essen, Stadt;DEA13;    210,34;   586 608;   285 411;   301 197;   2 789;;;;;;;;;
05114;Kreisfreie Stadt;Krefeld, Stadt;DEA14;    137,77;   228 550;   111 419;   117 131;   1 659;;;;;;;;;
05116;Kreisfreie Stadt;Mönchengladbach, Stadt;DEA15;    170,47;   268 943;   133 625;   135 318;   1 578;;;;;;;;;
05117;Kreisfreie Stadt;Mülheim an der Ruhr, Stadt;DEA16;    91,28;   173 255;   83 637;   89 618;   1 898;;;;;;;;;
05119;Kreisfreie Stadt;Oberhausen, Stadt;DEA17;    77,09;   211 099;   103 059;   108 040;   2 738;;;;;;;;;
05120;Kreisfreie Stadt;Remscheid, Stadt;DEA18;    74,52;   112 970;   56 058;   56 912;   1 516;;;;;;;;;
05122;Kreisfreie Stadt;Solingen, Klingenstadt;DEA19;    89,54;   161 545;   78 754;   82 791;   1 804;;;;;;;;;
05124;Kreisfreie Stadt;Wuppertal, Stadt;DEA1A;    168,39;   358 938;   176 056;   182 882;   2 132;;;;;;;;;
05154;Kreis;Kleve;DEA1B;   1 232,99;   321 491;   160 723;   160 768;    261;;;;;;;;;
05158;Kreis;Mettmann;DEA1C;    407,22;   490 251;   237 214;   253 037;   1 204;;;;;;;;;
05162;Kreis;Rhein-Kreis Neuss;DEA1D;    576,42;   458 722;   223 038;   235 684;    796;;;;;;;;;
05166;Kreis;Viersen;DEA1E;    563,28;   302 885;   148 259;   154 626;    538;;;;;;;;;
05170;Kreis;Wesel;DEA1F;   1 042,76;   467 511;   228 047;   239 464;    448;;;;;;;;;
053;Reg.-Bez. Köln;;;;;;;;;;;;;;;;
05314;Kreisfreie Stadt;Bonn, Stadt;DEA22;    141,06;   335 789;   160 546;   175 243;   2 380;;;;;;;;;
05315;Kreisfreie Stadt;Köln, Stadt;DEA23;    405,02;  1 087 353;   527 728;   559 625;   2 685;;;;;;;;;
05316;Kreisfreie Stadt;Leverkusen, Stadt;DEA24;    78,87;   166 414;   81 121;   85 293;   2 110;;;;;;;;;
05334;Kreis;Städteregion Aachen;DEA2D;    706,91;   564 444;   285 085;   279 359;    798;;;;;;;;;
05358;Kreis;Düren;DEA26;    941,49;   272 666;   135 340;   137 326;    290;;;;;;;;;
05362;Kreis;Rhein-Erft-Kreis;DEA27;    704,71;   480 989;   234 562;   246 427;    683;;;;;;;;;
05366;Kreis;Euskirchen;DEA28;   1 248,73;   199 828;   99 140;   100 688;    160;;;;;;;;;
05370;Kreis;Heinsberg;DEA29;    627,91;   262 656;   129 940;   132 716;    418;;;;;;;;;
05374;Kreis;Oberbergischer Kreis;DEA2A;    918,85;   275 735;   135 675;   140 060;    300;;;;;;;;;
05378;Kreis;Rheinisch-Bergischer Kreis;DEA2B;    437,32;   286 778;   138 748;   148 030;    656;;;;;;;;;
05382;Kreis;Rhein-Sieg-Kreis;DEA2C;   1 153,21;   610 537;   299 122;   311 415;    529;;;;;;;;;
055;Reg.-Bez. Münster;;;;;;;;;;;;;;;;
05512;Kreisfreie Stadt;Bottrop, Stadt;DEA31;    100,61;   118 705;   57 841;   60 864;   1 180;;;;;;;;;
05513;Kreisfreie Stadt;Gelsenkirchen, Stadt;DEA32;    104,94;   265 885;   132 249;   133 636;   2 534;;;;;;;;;
05515;Kreisfreie Stadt;Münster, Stadt;DEA33;    303,28;   322 904;   155 052;   167 852;   1 065;;;;;;;;;
05554;Kreis;Borken;DEA34;   1 420,98;   381 627;   191 175;   190 452;    269;;;;;;;;;
05558;Kreis;Coesfeld;DEA35;   1 112,04;   226 160;   111 909;   114 251;    203;;;;;;;;;
05562;Kreis;Recklinghausen;DEA36;    761,31;   620 646;   302 364;   318 282;    815;;;;;;;;;
05566;Kreis;Steinfurt;DEA37;   1 795,75;   459 195;   229 105;   230 090;    256;;;;;;;;;
05570;Kreis;Warendorf;DEA38;   1 319,42;   283 295;   139 992;   143 303;    215;;;;;;;;;
057;Reg.-Bez. Detmold;;;;;;;;;;;;;;;;
05711;Kreisfreie Stadt;Bielefeld, Stadt;DEA41;    258,83;   338 410;   163 288;   175 122;   1 307;;;;;;;;;
05754;Kreis;Gütersloh;DEA42;    969,21;   372 938;   185 910;   187 028;    385;;;;;;;;;
05758;Kreis;Herford;DEA43;    450,40;   253 136;   124 699;   128 437;    562;;;;;;;;;
05762;Kreis;Höxter;DEA44;   1 201,42;   141 883;   70 769;   71 114;    118;;;;;;;;;
05766;Kreis;Lippe;DEA45;   1 246,21;   349 781;   171 603;   178 178;    281;;;;;;;;;
05770;Kreis;Minden-Lübbecke;DEA46;   1 152,42;   316 196;   156 384;   159 812;    274;;;;;;;;;
05774;Kreis;Paderborn;DEA47;   1 246,80;   315 400;   158 181;   157 219;    253;;;;;;;;;
059;Reg.-Bez. Arnsberg;;;;;;;;;;;;;;;;
05911;Kreisfreie Stadt;Bochum, Stadt;DEA51;    145,66;   366 385;   178 896;   187 489;   2 515;;;;;;;;;
05913;Kreisfreie Stadt;Dortmund, Stadt;DEA52;    280,71;   595 471;   292 178;   303 293;   2 121;;;;;;;;;
05914;Kreisfreie Stadt;Hagen, Stadt der FernUniversität;DEA53;    160,45;   190 490;   93 469;   97 021;   1 187;;;;;;;;;
05915;Kreisfreie Stadt;Hamm, Stadt;DEA54;    226,66;   180 761;   89 286;   91 475;    797;;;;;;;;;
05916;Kreisfreie Stadt;Herne, Stadt;DEA55;    51,42;   157 896;   77 401;   80 495;   3 071;;;;;;;;;
05954;Kreis;Ennepe-Ruhr-Kreis;DEA56;    409,64;   324 946;   157 868;   167 078;    793;;;;;;;;;
05958;Kreis;Hochsauerlandkreis;DEA57;   1 960,17;   261 774;   130 847;   130 927;    134;;;;;;;;;
05962;Kreis;Märkischer Kreis;DEA58;   1 061,09;   408 579;   201 027;   207 552;    385;;;;;;;;;
05966;Kreis;Olpe;DEA59;    712,11;   134 332;   67 437;   66 895;    189;;;;;;;;;
05970;Kreis;Siegen-Wittgenstein;DEA5A;   1 132,89;   276 625;   137 420;   139 205;    244;;;;;;;;;
05974;Kreis;Soest;DEA5B;   1 328,64;   306 674;   152 765;   153 909;    231;;;;;;;;;
05978;Kreis;Unna;DEA5C;    543,21;   399 447;   195 734;   203 713;    735;;;;;;;;;
;;Insgesamt;;   34 112,67;  18 190 422;  8 930 892;  9 259 530;    533;;;;;;;;;
06;Hessen;;;;;;;;;;;;;;;;
064;Reg.-Bez. Darmstadt;;;;;;;;;;;;;;;;
06411;Kreisfreie Stadt;Darmstadt, Wissenschaftsstadt;DE711;    122,07;   164 792;   84 206;   80 586;   1 350;;;;;;;;;
06412;Kreisfreie Stadt;Frankfurt am Main, Stadt;DE712;    248,31;   775 790;   382 226;   393 564;   3 124;;;;;;;;;
06413;Kreisfreie Stadt;Offenbach am Main, Stadt;DE713;    44,88;   135 490;   67 279;   68 211;   3 019;;;;;;;;;
06414;Kreisfreie Stadt;Wiesbaden, Landeshauptstadt;DE714;    203,87;   285 522;   136 598;   148 924;   1 401;;;;;;;;;
06431;Landkreis;Bergstraße;DE715;    719,47;   276 295;   136 764;   139 531;    384;;;;;;;;;
06432;Landkreis;Darmstadt-Dieburg;DE716;    658,64;   301 827;   149 739;   152 088;    458;;;;;;;;;
06433;Landkreis;Groß-Gerau;DE717;    453,03;   281 712;   141 248;   140 464;    622;;;;;;;;;
06434;Landkreis;Hochtaunuskreis;DE718;    481,84;   241 449;   116 999;   124 450;    501;;;;;;;;;
06435;Landkreis;Main-Kinzig-Kreis;DE719;   1 397,32;   434 002;   214 162;   219 840;    311;;;;;;;;;
06436;Landkreis;Main-Taunus-Kreis;DE71A;    222,53;   243 307;   119 373;   123 934;   1 093;;;;;;;;;
06437;Landkreis;Odenwaldkreis;DE71B;    623,97;   97 182;   48 065;   49 117;    156;;;;;;;;;
06438;Landkreis;Offenbach;DE71C;    356,24;   364 457;   179 659;   184 798;   1 023;;;;;;;;;
06439;Landkreis;Rheingau-Taunus-Kreis;DE71D;    811,40;   189 918;   93 105;   96 813;    234;;;;;;;;;
06440;Landkreis;Wetteraukreis;DE71E;   1 100,66;   318 559;   157 926;   160 633;    289;;;;;;;;;
065;Reg.-Bez. Gießen;;;;;;;;;;;;;;;;
06531;Landkreis;Gießen;DE721;    854,56;   280 268;   137 940;   142 328;    328;;;;;;;;;
06532;Landkreis;Lahn-Dill-Kreis;DE722;   1 066,30;   258 488;   127 769;   130 719;    242;;;;;;;;;
06533;Landkreis;Limburg-Weilburg;DE723;    738,44;   175 690;   87 307;   88 383;    238;;;;;;;;;
06534;Landkreis;Marburg-Biedenkopf;DE724;   1 262,37;   250 441;   122 893;   127 548;    198;;;;;;;;;
06535;Landkreis;Vogelsbergkreis;DE725;   1 458,91;   106 792;   53 266;   53 526;    73;;;;;;;;;
066;Reg.-Bez. Kassel;;;;;;;;;;;;;;;;
06611;Kreisfreie Stadt;Kassel, documenta-Stadt;DE731;    106,79;   204 687;   100 203;   104 484;   1 917;;;;;;;;;
06631;Landkreis;Fulda;DE732;   1 380,41;   228 713;   113 989;   114 724;    166;;;;;;;;;
06632;Landkreis;Hersfeld-Rotenburg;DE733;   1 097,77;   121 348;   60 670;   60 678;    111;;;;;;;;;
06633;Landkreis;Kassel;DE734;   1 293,31;   241 095;   118 357;   122 738;    186;;;;;;;;;
06634;Landkreis;Schwalm-Eder-Kreis;DE735;   1 539,01;   183 501;   92 145;   91 356;    119;;;;;;;;;
06635;Landkreis;Waldeck-Frankenberg;DE736;   1 848,70;   159 189;   79 382;   79 807;    86;;;;;;;;;
06636;Landkreis;Werra-Meißner-Kreis;DE737;   1 024,83;   100 215;   49 569;   50 646;    98;;;;;;;;;
;;Insgesamt;;   21 115,63;  6 420 729;  3 170 839;  3 249 890;    304;;;;;;;;;
07;Rheinland-Pfalz;;;;;;;;;;;;;;;;
071;früher: Reg.-Bez. Koblenz;;;;;;;;;;;;;;;;
07111;Kreisfreie Stadt;Koblenz, kreisfreie Stadt;DEB11;    105,25;   115 298;   56 682;   58 616;   1 095;;;;;;;;;
07131;Landkreis;Ahrweiler;DEB12;    787,03;   128 741;   63 697;   65 044;    164;;;;;;;;;
07132;Landkreis;Altenkirchen (Westerwald);DEB13;    642,38;   131 907;   65 368;   66 539;    205;;;;;;;;;
07133;Landkreis;Bad Kreuznach;DEB14;    863,89;   161 852;   79 110;   82 742;    187;;;;;;;;;
07134;Landkreis;Birkenfeld;DEB15;    776,83;   81 918;   40 607;   41 311;    105;;;;;;;;;
07135;Landkreis;Cochem-Zell;DEB1C;    692,44;   62 669;   31 496;   31 173;    91;;;;;;;;;
07137;Landkreis;Mayen-Koblenz;DEB17;    817,72;   219 001;   108 207;   110 794;    268;;;;;;;;;
07138;Landkreis;Neuwied;DEB18;    627,06;   188 139;   92 918;   95 221;    300;;;;;;;;;
07140;Landkreis;Rhein-Hunsrück-Kreis;DEB1D;    991,06;   106 227;   52 900;   53 327;    107;;;;;;;;;
07141;Landkreis;Rhein-Lahn-Kreis;DEB1A;    782,24;   124 796;   61 754;   63 042;    160;;;;;;;;;
07143;Landkreis;Westerwaldkreis;DEB1B;    989,04;   206 709;   102 513;   104 196;    209;;;;;;;;;
072;früher: Reg.-Bez. Trier;;;;;;;;;;;;;;;;
07211;Kreisfreie Stadt;Trier, kreisfreie Stadt;DEB21;    117,06;   112 737;   55 783;   56 954;    963;;;;;;;;;
07231;Landkreis;Bernkastel-Wittlich;DEB22;   1 167,93;   115 083;   57 523;   57 560;    99;;;;;;;;;
07232;Landkreis;Eifelkreis Bitburg-Prüm;DEB23;   1 626,95;   104 435;   52 833;   51 602;    64;;;;;;;;;
07233;Landkreis;Vulkaneifel;DEB24;    911,64;   61 912;   31 056;   30 856;    68;;;;;;;;;
07235;Landkreis;Trier-Saarburg;DEB25;   1 102,24;   153 814;   76 668;   77 146;    140;;;;;;;;;
073;früher: Reg.-Bez. Rheinhessen-Pfalz;;;;;;;;;;;;;;;;
07311;Kreisfreie Stadt;Frankenthal (Pfalz), kreisfreie Stadt;DEB31;    43,88;   49 122;   24 061;   25 061;   1 119;;;;;;;;;
07312;Kreisfreie Stadt;Kaiserslautern, kreisfreie Stadt;DEB32;    139,70;   101 486;   51 241;   50 245;    726;;;;;;;;;
07313;Kreisfreie Stadt;Landau in der Pfalz, kreisfreie Stadt;DEB33;    82,94;   48 341;   23 072;   25 269;    583;;;;;;;;;
07314;Kreisfreie Stadt;Ludwigshafen am Rhein, kreisfreie Stadt;DEB34;    77,43;   176 110;   88 552;   87 558;   2 274;;;;;;;;;
07315;Kreisfreie Stadt;Mainz, kreisfreie Stadt;DEB35;    97,73;   222 889;   108 873;   114 016;   2 281;;;;;;;;;
07316;Kreisfreie Stadt;Neustadt an der Weinstraße, kreisfreie Stadt;DEB36;    117,09;   53 920;   26 353;   27 567;    461;;;;;;;;;
07317;Kreisfreie Stadt;Pirmasens, kreisfreie Stadt;DEB37;    61,35;   40 941;   20 076;   20 865;    667;;;;;;;;;
07318;Kreisfreie Stadt;Speyer, kreisfreie Stadt;DEB38;    42,71;   51 203;   24 998;   26 205;   1 199;;;;;;;;;
07319;Kreisfreie Stadt;Worms, kreisfreie Stadt;DEB39;    108,73;   85 609;   42 650;   42 959;    787;;;;;;;;;
07320;Kreisfreie Stadt;Zweibrücken, kreisfreie Stadt;DEB3A;    70,64;   34 613;   17 203;   17 410;    490;;;;;;;;;
07331;Landkreis;Alzey-Worms;DEB3B;    588,07;   133 430;   66 357;   67 073;    227;;;;;;;;;
07332;Landkreis;Bad Dürkheim;DEB3C;    594,64;   134 711;   65 982;   68 729;    227;;;;;;;;;
07333;Landkreis;Donnersbergkreis;DEB3D;    645,41;   76 088;   37 700;   38 388;    118;;;;;;;;;
07334;Landkreis;Germersheim;DEB3E;    463,32;   131 492;   65 426;   66 066;    284;;;;;;;;;
07335;Landkreis;Kaiserslautern;DEB3F;    640,00;   108 540;   53 383;   55 157;    170;;;;;;;;;
07336;Landkreis;Kusel;DEB3G;    573,61;   71 140;   35 582;   35 558;    124;;;;;;;;;
07337;Landkreis;Südliche Weinstraße;DEB3H;    639,93;   112 894;   55 603;   57 291;    176;;;;;;;;;
07338;Landkreis;Rhein-Pfalz-Kreis;DEB3I;    304,99;   156 346;   76 962;   79 384;    513;;;;;;;;;
07339;Landkreis;Mainz-Bingen;DEB3J;    605,33;   215 286;   106 201;   109 085;    356;;;;;;;;;
07340;Landkreis;Südwestpfalz;DEB3K;    953,52;   94 912;   46 791;   48 121;    100;;;;;;;;;
;;Insgesamt;;   19 851,78;  4 174 311;  2 066 181;  2 108 130;    210;;;;;;;;;
08;Baden-Württemberg;;;;;;;;;;;;;;;;
081;Reg.-Bez. Stuttgart;;;;;;;;;;;;;;;;
0811;Region Stuttgart;;;;;;;;;;;;;;;;
08111;Stadtkreis;Stuttgart, Stadtkreis;DE111;    207,33;   633 484;   316 030;   317 454;   3 055;;;;;;;;;
08115;Landkreis;Böblingen;DE112;    617,76;   401 318;   199 347;   201 971;    650;;;;;;;;;
08116;Landkreis;Esslingen;DE113;    641,28;   542 582;   270 978;   271 604;    846;;;;;;;;;
08117;Landkreis;Göppingen;DE114;    642,34;   263 706;   131 147;   132 559;    411;;;;;;;;;
08118;Landkreis;Ludwigsburg;DE115;    686,77;   553 689;   274 297;   279 392;    806;;;;;;;;;
08119;Landkreis;Rems-Murr-Kreis;DE116;    858,08;   434 369;   214 846;   219 523;    506;;;;;;;;;
0812;Region Heilbronn-Franken;;;;;;;;;;;;;;;;
08121;Stadtkreis;Heilbronn, Stadtkreis;DE117;    99,89;   130 093;   65 794;   64 299;   1 302;;;;;;;;;
08125;Landkreis;Heilbronn;DE118;   1 099,91;   355 359;   178 340;   177 019;    323;;;;;;;;;
08126;Landkreis;Hohenlohekreis;DE119;    776,75;   115 796;   58 433;   57 363;    149;;;;;;;;;
08127;Landkreis;Schwäbisch Hall;DE11A;   1 484,08;   204 721;   102 944;   101 777;    138;;;;;;;;;
08128;Landkreis;Main-Tauber-Kreis;DE11B;   1 304,12;   135 371;   67 702;   67 669;    104;;;;;;;;;
0813;Region Ostwürttemberg;;;;;;;;;;;;;;;;
08135;Landkreis;Heidenheim;DE11C;    627,14;   135 470;   67 654;   67 816;    216;;;;;;;;;
08136;Landkreis;Ostalbkreis;DE11D;   1 511,39;   320 436;   159 632;   160 804;    212;;;;;;;;;
082;Reg.-Bez. Karlsruhe;;;;;;;;;;;;;;;;
0821;Region Mittlerer Oberrhein;;;;;;;;;;;;;;;;
08211;Stadtkreis;Baden-Baden, Stadtkreis;DE121;    140,19;   57 420;   27 501;   29 919;    410;;;;;;;;;
08212;Stadtkreis;Karlsruhe, Stadtkreis;DE122;    173,42;   309 964;   158 520;   151 444;   1 787;;;;;;;;;
08215;Landkreis;Karlsruhe;DE123;   1 084,98;   456 392;   227 301;   229 091;    421;;;;;;;;;
08216;Landkreis;Rastatt;DE124;    738,43;   235 542;   117 254;   118 288;    319;;;;;;;;;
0822;Region Rhein-Neckar-Odenwald;;;;;;;;;;;;;;;;
08221;Stadtkreis;Heidelberg, Stadtkreis;DE125;    108,83;   162 960;   77 929;   85 031;   1 497;;;;;;;;;
08222;Stadtkreis;Mannheim, Stadtkreis;DE126;    144,97;   316 877;   158 281;   158 596;   2 186;;;;;;;;;
08225;Landkreis;Neckar-Odenwald-Kreis;DE127;   1 125,95;   146 070;   73 401;   72 669;    130;;;;;;;;;
08226;Landkreis;Rhein-Neckar-Kreis;DE128;   1 061,55;   556 645;   273 291;   283 354;    524;;;;;;;;;
0823;Region Nordschwarzwald;;;;;;;;;;;;;;;;
08231;Stadtkreis;Pforzheim, Stadtkreis;DE129;    97,99;   128 992;   63 717;   65 275;   1 316;;;;;;;;;
08235;Landkreis;Calw;DE12A;    797,29;   163 838;   82 079;   81 759;    205;;;;;;;;;
08236;Landkreis;Enzkreis;DE12B;    573,60;   203 409;   100 923;   102 486;    355;;;;;;;;;
08237;Landkreis;Freudenstadt;DE12C;    870,40;   121 584;   60 843;   60 741;    140;;;;;;;;;
083;Reg.-Bez. Freiburg;;;;;;;;;;;;;;;;
0831;Region Südlicher Oberrhein;;;;;;;;;;;;;;;;
08311;Stadtkreis;Freiburg im Breisgau, Stadtkreis;DE131;    153,04;   237 244;   112 660;   124 584;   1 550;;;;;;;;;
08315;Landkreis;Breisgau-Hochschwarzwald;DE132;   1 378,32;   272 194;   134 317;   137 877;    197;;;;;;;;;
08316;Landkreis;Emmendingen;DE133;    679,80;   172 392;   85 393;   86 999;    254;;;;;;;;;
08317;Landkreis;Ortenaukreis;DE134;   1 860,29;   444 390;   222 006;   222 384;    239;;;;;;;;;
0832;Region Schwarzwald-Baar-Heuberg;;;;;;;;;;;;;;;;
08325;Landkreis;Rottweil;DE135;    769,42;   142 963;   71 683;   71 280;    186;;;;;;;;;
08326;Landkreis;Schwarzwald-Baar-Kreis;DE136;   1 025,34;   218 780;   108 393;   110 387;    213;;;;;;;;;
08327;Landkreis;Tuttlingen;DE137;    734,38;   146 124;   73 697;   72 427;    199;;;;;;;;;
0833;Region Hochrhein-Bodensee;;;;;;;;;;;;;;;;
08335;Landkreis;Konstanz;DE138;    817,98;   294 176;   143 061;   151 115;    360;;;;;;;;;
08336;Landkreis;Lörrach;DE139;    806,66;   234 909;   115 560;   119 349;    291;;;;;;;;;
08337;Landkreis;Waldshut;DE13A;   1 131,15;   174 391;   86 340;   88 051;    154;;;;;;;;;
084;Reg.-Bez. Tübingen;;;;;;;;;;;;;;;;
0841;Region Neckar-Alb;;;;;;;;;;;;;;;;
08415;Landkreis;Reutlingen;DE141;   1 092,48;   293 624;   145 856;   147 768;    269;;;;;;;;;
08416;Landkreis;Tübingen;DE142;    519,12;   234 649;   113 822;   120 827;    452;;;;;;;;;
08417;Landkreis;Zollernalbkreis;DE143;    917,58;   193 712;   96 210;   97 502;    211;;;;;;;;;
0842;Region Donau-Iller;;;;;;;;;;;;;;;;
08421;Stadtkreis;Ulm, Stadtkreis;DE144;    118,68;   129 942;   64 384;   65 558;   1 095;;;;;;;;;
08425;Landkreis;Alb-Donau-Kreis;DE145;   1 358,54;   203 873;   102 784;   101 089;    150;;;;;;;;;
08426;Landkreis;Biberach;DE146;   1 409,52;   208 203;   105 165;   103 038;    148;;;;;;;;;
0843;Region Bodensee-Oberschwaben;;;;;;;;;;;;;;;;
08435;Landkreis;Bodenseekreis;DE147;    664,77;   224 200;   110 251;   113 949;    337;;;;;;;;;
08436;Landkreis;Ravensburg;DE148;   1 632,08;   293 148;   146 369;   146 779;    180;;;;;;;;;
08437;Landkreis;Sigmaringen;DE149;   1 204,24;   134 259;   67 508;   66 751;    111;;;;;;;;;
;;Insgesamt;;   35 747,83;  11 339 260;  5 633 643;  5 705 617;    317;;;;;;;;;
09;Bayern;;;;;;;;;;;;;;;;
091;Reg.-Bez. Oberbayern;;;;;;;;;;;;;;;;
09161;Kreisfreie Stadt;Ingolstadt;DE211;    133,35;   142 308;   72 076;   70 232;   1 067;;;;;;;;;
09162;Kreisfreie Stadt;München, Landeshauptstadt;DE212;    310,70;  1 510 378;   734 925;   775 453;   4 861;;;;;;;;;
09163;Kreisfreie Stadt;Rosenheim;DE213;    37,22;   65 192;   32 453;   32 739;   1 752;;;;;;;;;
09171;Landkreis;Altötting;DE214;    569,28;   114 459;   56 754;   57 705;    201;;;;;;;;;
09172;Landkreis;Berchtesgadener Land;DE215;    839,83;   108 315;   53 251;   55 064;    129;;;;;;;;;
09173;Landkreis;Bad Tölz-Wolfratshausen;DE216;   1 110,67;   130 182;   64 228;   65 954;    117;;;;;;;;;
09174;Landkreis;Dachau;DE217;    579,16;   157 813;   78 841;   78 972;    272;;;;;;;;;
09175;Landkreis;Ebersberg;DE218;    549,39;   147 559;   73 820;   73 739;    269;;;;;;;;;
09176;Landkreis;Eichstätt;DE219;   1 213,85;   136 565;   69 189;   67 376;    113;;;;;;;;;
09177;Landkreis;Erding;DE21A;    870,74;   142 540;   71 575;   70 965;    164;;;;;;;;;
09178;Landkreis;Freising;DE21B;    799,85;   186 276;   95 265;   91 011;    233;;;;;;;;;
09179;Landkreis;Fürstenfeldbruck;DE21C;    434,80;   222 932;   109 470;   113 462;    513;;;;;;;;;
09180;Landkreis;Garmisch-Partenkirchen;DE21D;   1 012,17;   88 748;   42 820;   45 928;    88;;;;;;;;;
09181;Landkreis;Landsberg am Lech;DE21E;    804,36;   124 311;   62 031;   62 280;    155;;;;;;;;;
09182;Landkreis;Miesbach;DE21F;    866,21;   101 451;   49 897;   51 554;    117;;;;;;;;;
09183;Landkreis;Mühldorf a.Inn;DE21G;    805,33;   120 732;   61 055;   59 677;    150;;;;;;;;;
09184;Landkreis;München;DE21H;    664,25;   358 480;   177 432;   181 048;    540;;;;;;;;;
09185;Landkreis;Neuburg-Schrobenhausen;DE21I;    739,71;   101 109;   50 996;   50 113;    137;;;;;;;;;
09186;Landkreis;Pfaffenhofen a.d.Ilm;DE21J;    761,05;   132 966;   67 385;   65 581;    175;;;;;;;;;
09187;Landkreis;Rosenheim;DE21K;   1 439,44;   268 391;   132 841;   135 550;    186;;;;;;;;;
09188;Landkreis;Starnberg;DE21L;    487,71;   139 067;   67 123;   71 944;    285;;;;;;;;;
09189;Landkreis;Traunstein;DE21M;   1 533,76;   181 763;   89 797;   91 966;    119;;;;;;;;;
09190;Landkreis;Weilheim-Schongau;DE21N;    966,28;   139 401;   68 970;   70 431;    144;;;;;;;;;
092;Reg.-Bez. Niederbayern;;;;;;;;;;;;;;;;
09261;Kreisfreie Stadt;Landshut;DE221;    65,83;   75 272;   36 756;   38 516;   1 143;;;;;;;;;
09262;Kreisfreie Stadt;Passau;DE222;    69,56;   54 401;   26 467;   27 934;    782;;;;;;;;;
09263;Kreisfreie Stadt;Straubing;DE223;    67,59;   49 775;   25 214;   24 561;    736;;;;;;;;;
09271;Landkreis;Deggendorf;DE224;    861,17;   123 129;   62 037;   61 092;    143;;;;;;;;;
09272;Landkreis;Freyung-Grafenau;DE225;    983,85;   79 603;   39 624;   39 979;    81;;;;;;;;;
09273;Landkreis;Kelheim;DE226;   1 065,13;   126 539;   64 157;   62 382;    119;;;;;;;;;
09274;Landkreis;Landshut;DE227;   1 347,55;   165 608;   83 543;   82 065;    123;;;;;;;;;
09275;Landkreis;Passau;DE228;   1 530,10;   197 863;   98 270;   99 593;    129;;;;;;;;;
09276;Landkreis;Regen;DE229;    974,78;   77 940;   38 914;   39 026;    80;;;;;;;;;
09277;Landkreis;Rottal-Inn;DE22A;   1 281,20;   124 911;   62 889;   62 022;    97;;;;;;;;;
09278;Landkreis;Straubing-Bogen;DE22B;   1 201,62;   104 167;   52 310;   51 857;    87;;;;;;;;;
09279;Landkreis;Dingolfing-Landau;DE22C;    877,58;   101 477;   52 396;   49 081;    116;;;;;;;;;
093;Reg.-Bez. Oberpfalz;;;;;;;;;;;;;;;;
09361;Kreisfreie Stadt;Amberg;DE231;    50,14;   42 676;   21 100;   21 576;    851;;;;;;;;;
09362;Kreisfreie Stadt;Regensburg;DE232;    80,86;   159 465;   78 024;   81 441;   1 972;;;;;;;;;
09363;Kreisfreie Stadt;Weiden i.d.OPf.;DE233;    70,57;   43 188;   20 955;   22 233;    612;;;;;;;;;
09371;Landkreis;Amberg-Sulzbach;DE234;   1 255,85;   104 914;   52 606;   52 308;    84;;;;;;;;;
09372;Landkreis;Cham;DE235;   1 526,83;   130 946;   66 042;   64 904;    86;;;;;;;;;
09373;Landkreis;Neumarkt i.d.OPf.;DE236;   1 343,96;   139 277;   70 664;   68 613;    104;;;;;;;;;
09374;Landkreis;Neustadt a.d.Waldnaab;DE237;   1 425,81;   96 400;   48 067;   48 333;    68;;;;;;;;;
09375;Landkreis;Regensburg;DE238;   1 391,65;   200 264;   100 416;   99 848;    144;;;;;;;;;
09376;Landkreis;Schwandorf;DE239;   1 458,34;   152 284;   76 601;   75 683;    104;;;;;;;;;
09377;Landkreis;Tirschenreuth;DE23A;   1 084,25;   72 147;   35 880;   36 267;    67;;;;;;;;;
094;Reg.-Bez. Oberfranken;;;;;;;;;;;;;;;;
09461;Kreisfreie Stadt;Bamberg;DE241;    54,62;   80 580;   39 589;   40 991;   1 475;;;;;;;;;
09462;Kreisfreie Stadt;Bayreuth;DE242;    66,89;   74 907;   36 670;   38 237;   1 120;;;;;;;;;
09463;Kreisfreie Stadt;Coburg;DE243;    48,29;   42 139;   20 616;   21 523;    873;;;;;;;;;
09464;Kreisfreie Stadt;Hof;DE244;    58,02;   46 963;   22 880;   24 083;    809;;;;;;;;;
09471;Landkreis;Bamberg;DE245;   1 167,81;   149 823;   75 142;   74 681;    128;;;;;;;;;
09472;Landkreis;Bayreuth;DE246;   1 275,50;   104 843;   52 179;   52 664;    82;;;;;;;;;
09473;Landkreis;Coburg;DE247;    590,42;   87 259;   43 333;   43 926;    148;;;;;;;;;
09474;Landkreis;Forchheim;DE248;    642,83;   118 725;   58 992;   59 733;    185;;;;;;;;;
09475;Landkreis;Hof;DE249;    892,52;   94 333;   46 289;   48 044;    106;;;;;;;;;
09476;Landkreis;Kronach;DE24A;    651,49;   66 294;   32 833;   33 461;    102;;;;;;;;;
09477;Landkreis;Kulmbach;DE24B;    658,33;   71 956;   35 542;   36 414;    109;;;;;;;;;
09478;Landkreis;Lichtenfels;DE24C;    519,94;   67 555;   33 420;   34 135;    130;;;;;;;;;
09479;Landkreis;Wunsiedel i.Fichtelgebirge;DE24D;    606,37;   71 972;   35 193;   36 779;    119;;;;;;;;;
095;Reg.-Bez. Mittelfranken;;;;;;;;;;;;;;;;
09561;Kreisfreie Stadt;Ansbach;DE251;    99,91;   42 311;   20 297;   22 014;    423;;;;;;;;;
09562;Kreisfreie Stadt;Erlangen;DE252;    76,96;   117 806;   58 694;   59 112;   1 531;;;;;;;;;
09563;Kreisfreie Stadt;Fürth;DE253;    63,35;   132 032;   64 793;   67 239;   2 084;;;;;;;;;
09564;Kreisfreie Stadt;Nürnberg;DE254;    186,44;   526 091;   257 320;   268 771;   2 822;;;;;;;;;
09565;Kreisfreie Stadt;Schwabach;DE255;    40,80;   41 380;   20 296;   21 084;   1 014;;;;;;;;;
09571;Landkreis;Ansbach;DE256;   1 971,32;   189 517;   95 013;   94 504;    96;;;;;;;;;
09572;Landkreis;Erlangen-Höchstadt;DE257;    564,55;   141 517;   70 373;   71 144;    251;;;;;;;;;
09573;Landkreis;Fürth;DE258;    307,44;   119 826;   58 248;   61 578;    390;;;;;;;;;
09574;Landkreis;Nürnberger Land;DE259;    799,52;   172 941;   85 242;   87 699;    216;;;;;;;;;
09575;Landkreis;Neustadt a.d.Aisch-Bad Windsheim;DE25A;   1 267,45;   103 654;   52 007;   51 647;    82;;;;;;;;;
09576;Landkreis;Roth;DE25B;    895,16;   129 595;   64 436;   65 159;    145;;;;;;;;;
09577;Landkreis;Weißenburg-Gunzenhausen;DE25C;    970,78;   97 276;   48 599;   48 677;    100;;;;;;;;;
096;Reg.-Bez. Unterfranken;;;;;;;;;;;;;;;;
09661;Kreisfreie Stadt;Aschaffenburg;DE261;    62,45;   72 918;   35 432;   37 486;   1 168;;;;;;;;;
09662;Kreisfreie Stadt;Schweinfurt;DE262;    35,70;   55 067;   27 308;   27 759;   1 542;;;;;;;;;
09663;Kreisfreie Stadt;Würzburg;DE263;    87,60;   128 246;   61 560;   66 686;   1 464;;;;;;;;;
09671;Landkreis;Aschaffenburg;DE264;    698,90;   177 056;   87 801;   89 255;    253;;;;;;;;;
09672;Landkreis;Bad Kissingen;DE265;   1 136,90;   104 898;   51 807;   53 091;    92;;;;;;;;;
09673;Landkreis;Rhön-Grabfeld;DE266;   1 021,68;   80 544;   40 107;   40 437;    79;;;;;;;;;
09674;Landkreis;Haßberge;DE267;    956,19;   85 371;   43 007;   42 364;    89;;;;;;;;;
09675;Landkreis;Kitzingen;DE268;    684,14;   93 818;   47 237;   46 581;    137;;;;;;;;;
09676;Landkreis;Miltenberg;DE269;    715,58;   130 363;   64 991;   65 372;    182;;;;;;;;;
09677;Landkreis;Main-Spessart;DE26A;   1 321,20;   127 642;   63 824;   63 818;    97;;;;;;;;;
09678;Landkreis;Schweinfurt;DE26B;    841,39;   116 653;   58 651;   58 002;    139;;;;;;;;;
09679;Landkreis;Würzburg;DE26C;    968,35;   165 921;   82 301;   83 620;    171;;;;;;;;;
097;Reg.-Bez. Schwaben;;;;;;;;;;;;;;;;
09761;Kreisfreie Stadt;Augsburg;DE271;    146,85;   303 150;   149 531;   153 619;   2 064;;;;;;;;;
09762;Kreisfreie Stadt;Kaufbeuren;DE272;    40,02;   46 386;   22 925;   23 461;   1 159;;;;;;;;;
09763;Kreisfreie Stadt;Kempten (Allgäu);DE273;    63,28;   70 713;   35 028;   35 685;   1 117;;;;;;;;;
09764;Kreisfreie Stadt;Memmingen;DE274;    70,11;   46 178;   22 848;   23 330;    659;;;;;;;;;
09771;Landkreis;Aichach-Friedberg;DE275;    780,23;   138 607;   69 068;   69 539;    178;;;;;;;;;
09772;Landkreis;Augsburg;DE276;   1 070,74;   263 578;   130 765;   132 813;    246;;;;;;;;;
09773;Landkreis;Dillingen a.d.Donau;DE277;    792,23;   100 141;   50 199;   49 942;    126;;;;;;;;;
09774;Landkreis;Günzburg;DE278;    762,40;   131 375;   66 408;   64 967;    172;;;;;;;;;
09775;Landkreis;Neu-Ulm;DE279;    515,84;   182 600;   90 871;   91 729;    354;;;;;;;;;
09776;Landkreis;Lindau (Bodensee);DE27A;    323,39;   83 671;   41 334;   42 337;    259;;;;;;;;;
09777;Landkreis;Ostallgäu;DE27B;   1 394,44;   146 302;   72 890;   73 412;    105;;;;;;;;;
09778;Landkreis;Unterallgäu;DE27C;   1 229,57;   151 838;   76 867;   74 971;    123;;;;;;;;;
09779;Landkreis;Donau-Ries;DE27D;   1 274,57;   137 971;   70 061;   67 910;    108;;;;;;;;;
09780;Landkreis;Oberallgäu;DE27E;   1 527,97;   159 576;   78 513;   81 063;    104;;;;;;;;;
;;Insgesamt;;   70 541,76;  13 435 062;  6 664 456;  6 770 606;    190;;;;;;;;;
10;Saarland;;;;;;;;;;;;;;;;
10041;Regionalverband;Regionalverband Saarbrücken;DEC01;    410,95;   332 427;   163 851;   168 576;    809;;;;;;;;;
10042;Landkreis;Merzig-Wadern;DEC02;    557,11;   104 327;   51 662;   52 665;    187;;;;;;;;;
10043;Landkreis;Neunkirchen;DEC03;    249,80;   132 393;   65 244;   67 149;    530;;;;;;;;;
10044;Landkreis;Saarlouis;DEC04;    459,36;   195 945;   96 174;   99 771;    427;;;;;;;;;
10045;Landkreis;Saarpfalz-Kreis;DEC05;    418,28;   142 344;   69 316;   73 028;    340;;;;;;;;;
10046;Landkreis;St. Wendel;DEC06;    476,51;   86 988;   42 798;   44 190;    183;;;;;;;;;
;;Insgesamt;;   2 572,01;   994 424;   489 045;   505 379;    387;;;;;;;;;
11;Berlin;;;;;;;;;;;;;;;;
11000;Kreisfreie Stadt;Berlin, Stadt;DE300;    891,12;  3 782 202;  1 860 115;  1 922 087;   4 244;;;;;;;;;
12;Brandenburg;;;;;;;;;;;;;;;;
12051;Kreisfreie Stadt;Brandenburg an der Havel, Stadt;DE401;    229,73;   73 921;   36 286;   37 635;    322;;;;;;;;;
12052;Kreisfreie Stadt;Cottbus, Stadt;DE402;    165,61;   100 010;   48 883;   51 127;    604;;;;;;;;;
12053;Kreisfreie Stadt;Frankfurt (Oder), Stadt;DE403;    147,85;   58 818;   28 657;   30 161;    398;;;;;;;;;
12054;Kreisfreie Stadt;Potsdam, Stadt;DE404;    188,24;   187 119;   90 107;   97 012;    994;;;;;;;;;
12060;Landkreis;Barnim;DE405;   1 479,58;   193 050;   95 082;   97 968;    130;;;;;;;;;
12061;Landkreis;Dahme-Spreewald;DE406;   2 274,50;   180 242;   89 303;   90 939;    79;;;;;;;;;
12062;Landkreis;Elbe-Elster;DE407;   1 899,18;   99 931;   49 557;   50 374;    53;;;;;;;;;
12063;Landkreis;Havelland;DE408;   1 727,31;   170 556;   84 261;   86 295;    99;;;;;;;;;
12064;Landkreis;Märkisch-Oderland;DE409;   2 158,66;   201 111;   99 618;   101 493;    93;;;;;;;;;
12065;Landkreis;Oberhavel;DE40A;   1 808,18;   218 855;   107 444;   111 411;    121;;;;;;;;;
12066;Landkreis;Oberspreewald-Lausitz;DE40B;   1 223,48;   107 547;   52 483;   55 064;    88;;;;;;;;;
12067;Landkreis;Oder-Spree;DE40C;   2 256,76;   182 960;   90 056;   92 904;    81;;;;;;;;;
12068;Landkreis;Ostprignitz-Ruppin;DE40D;   2 526,46;   99 929;   49 659;   50 270;    40;;;;;;;;;
12069;Landkreis;Potsdam-Mittelmark;DE40E;   2 592,03;   223 531;   110 409;   113 122;    86;;;;;;;;;
12070;Landkreis;Prignitz;DE40F;   2 138,58;   75 836;   37 628;   38 208;    35;;;;;;;;;
12071;Landkreis;Spree-Neiße;DE40G;   1 657,00;   111 966;   54 874;   57 092;    68;;;;;;;;;
12072;Landkreis;Teltow-Fläming;DE40H;   2 104,20;   178 482;   89 075;   89 407;    85;;;;;;;;;
12073;Landkreis;Uckermark;DE40I;   3 077,02;   117 803;   57 721;   60 082;    38;;;;;;;;;
;;Insgesamt;;   29 654,37;  2 581 667;  1 271 103;  1 310 564;    87;;;;;;;;;
13;Mecklenburg-Vorpommern;;;;;;;;;;;;;;;;
13003;Kreisfreie Stadt;Rostock;DE803;    181,36;   210 795;   103 349;   107 446;   1 162;;;;;;;;;
13004;Kreisfreie Stadt;Schwerin;DE804;    130,52;   98 733;   47 339;   51 394;    756;;;;;;;;;
13071;Landkreis;Mecklenburgische Seenplatte;DE80J; 5 495,58;  259 312;  127 222;  132 090;   47;;;;;;;;;
13072;Landkreis;Landkreis Rostock;DE80K;   3 431,14;   221 431;   109 857;   111 574;    65;;;;;;;;;
13073;Landkreis;Vorpommern-Rügen;DE80L;   3 215,73;   227 746;   111 322;   116 424;    71;;;;;;;;;
13074;Landkreis;Nordwestmecklenburg;DE80M;   2 127,07;   160 206;   79 503;   80 703;    75;;;;;;;;;
13075;Landkreis;Vorpommern-Greifswald;DE80N;   3 945,66;   237 184;   115 750;   121 434;    60;;;;;;;;;
13076;Landkreis;Ludwigslust-Parchim;DE80O;   4 766,76;   214 057;   106 706;   107 351;    45;;;;;;;;;
;;Insgesamt;;   23 293,82;  1 629 464;   801 048;   828 416;    70;;;;;;;;;
14;Sachsen;;;;;;;;;;;;;;;;
145;früher: Direktionsbezirk Chemnitz;;;;;;;;;;;;;;;;
14511;Kreisfreie Stadt;Chemnitz, Stadt;DED41;    221,03;   250 681;   123 838;   126 843;   1 134;;;;;;;;;
14521;Landkreis;Erzgebirgskreis;DED42;   1 827,91;   326 896;   160 158;   166 738;    179;;;;;;;;;
14522;Landkreis;Mittelsachsen;DED43;   2 116,84;   300 308;   149 363;   150 945;    142;;;;;;;;;
14523;Landkreis;Vogtlandkreis;DED44;   1 412,39;   221 953;   108 416;   113 537;    157;;;;;;;;;
14524;Landkreis;Zwickau;DED45;    949,80;   310 111;   151 836;   158 275;    327;;;;;;;;;
146;früher: Direktionsbezirk Dresden;;;;;;;;;;;;;;;;
14612;Kreisfreie Stadt;Dresden, Stadt;DED21;    328,48;   566 222;   281 215;   285 007;   1 724;;;;;;;;;
14625;Landkreis;Bautzen;DED2C;   2 395,59;   296 506;   146 568;   149 938;    124;;;;;;;;;
14626;Landkreis;Görlitz;DED2D;   2 111,40;   248 479;   121 747;   126 732;    118;;;;;;;;;
14627;Landkreis;Meißen;DED2E;   1 454,58;   241 160;   118 486;   122 674;    166;;;;;;;;;
14628;Landkreis;Sächsische Schweiz-Osterzgebirge;DED2F;   1 654,24;   246 011;   121 346;   124 665;    149;;;;;;;;;
147;früher: Direktionsbezirk Leipzig;;;;;;;;;;;;;;;;
14713;Kreisfreie Stadt;Leipzig, Stadt;DED51;    297,80;   619 879;   305 443;   314 436;   2 082;;;;;;;;;
14729;Landkreis;Leipzig;DED52;   1 651,27;   261 573;   128 465;   133 108;    158;;;;;;;;;
14730;Landkreis;Nordsachsen;DED53;   2 028,55;   199 688;   99 056;   100 632;    98;;;;;;;;;
;;Insgesamt;;   18 449,88;  4 089 467;  2 015 937;  2 073 530;    222;;;;;;;;;
15;Sachsen-Anhalt;;;;;;;;;;;;;;;;
15001;Kreisfreie Stadt;Dessau-Roßlau, Stadt;DEE01;    245,78;   79 686;   38 528;   41 158;    324;;;;;;;;;
15002;Kreisfreie Stadt;Halle (Saale), Stadt;DEE02;    135,56;   242 172;   117 365;   124 807;   1 786;;;;;;;;;
15003;Kreisfreie Stadt;Magdeburg, Landeshauptstadt;DEE03;    201,68;   240 114;   118 654;   121 460;   1 191;;;;;;;;;
15081;Landkreis;Altmarkkreis Salzwedel;DEE04;   2 304,44;   81 851;   40 850;   41 001;    36;;;;;;;;;
15082;Landkreis;Anhalt-Bitterfeld;DEE05;   1 461,47;   156 642;   76 805;   79 837;    107;;;;;;;;;
15083;Landkreis;Börde;DEE07;   2 376,90;   170 984;   85 290;   85 694;    72;;;;;;;;;
15084;Landkreis;Burgenlandkreis;DEE08;   1 419,92;   177 174;   87 263;   89 911;    125;;;;;;;;;
15085;Landkreis;Harz;DEE09;   2 110,40;   208 804;   102 704;   106 100;    99;;;;;;;;;
15086;Landkreis;Jerichower Land;DEE06;   1 589,34;   89 914;   44 753;   45 161;    57;;;;;;;;;
15087;Landkreis;Mansfeld-Südharz;DEE0A;   1 456,33;   131 071;   64 545;   66 526;    90;;;;;;;;;
15088;Landkreis;Saalekreis;DEE0B;   1 440,45;   184 255;   91 260;   92 995;    128;;;;;;;;;
15089;Landkreis;Salzlandkreis;DEE0C;   1 433,60;   184 943;   90 356;   94 587;    129;;;;;;;;;
15090;Landkreis;Stendal;DEE0D;   2 436,20;   109 592;   53 875;   55 717;    45;;;;;;;;;
15091;Landkreis;Wittenberg;DEE0E;   1 942,75;   123 246;   60 658;   62 588;    63;;;;;;;;;
;;Insgesamt;;   20 554,82;  2 180 448;  1 072 906;  1 107 542;    106;;;;;;;;;
16;Thüringen;;;;;;;;;;;;;;;;
16051;Kreisfreie Stadt;Erfurt, Stadt;DEG01;    269,91;   215 675;   104 791;   110 884;    799;;;;;;;;;
16052;Kreisfreie Stadt;Gera, Stadt;DEG02;    152,18;   94 847;   45 922;   48 925;    623;;;;;;;;;
16053;Kreisfreie Stadt;Jena, Stadt;DEG03;    114,77;   110 791;   55 060;   55 731;    965;;;;;;;;;
16054;Kreisfreie Stadt;Suhl, Stadt;DEG04;    141,62;   36 986;   18 488;   18 498;    261;;;;;;;;;
16055;Kreisfreie Stadt;Weimar, Stadt;DEG05;    84,47;   65 611;   31 599;   34 012;    777;;;;;;;;;
16061;Landkreis;Eichsfeld;DEG06;    991,15;   103 441;   51 823;   51 618;    104;;;;;;;;;
16062;Landkreis;Nordhausen;DEG07;    713,91;   82 179;   40 758;   41 421;    115;;;;;;;;;
16063;Landkreis;Wartburgkreis;DEG0P;   1 371,13;   159 201;   79 339;   79 862;    116;;;;;;;;;
16064;Landkreis;Unstrut-Hainich-Kreis;DEG09;    931,60;   98 233;   48 792;   49 441;    105;;;;;;;;;
16065;Landkreis;Kyffhäuserkreis;DEG0A;   1 037,91;   73 216;   36 420;   36 796;    71;;;;;;;;;
16066;Landkreis;Schmalkalden-Meiningen;DEG0B;   1 251,21;   123 274;   61 806;   61 468;    99;;;;;;;;;
16067;Landkreis;Gotha;DEG0C;    936,08;   134 472;   66 755;   67 717;    144;;;;;;;;;
16068;Landkreis;Sömmerda;DEG0D;    806,85;   69 418;   34 861;   34 557;    86;;;;;;;;;
16069;Landkreis;Hildburghausen;DEG0E;    938,42;   61 329;   30 706;   30 623;    65;;;;;;;;;
16070;Landkreis;Ilm-Kreis;DEG0F;    805,11;   106 775;   54 038;   52 737;    133;;;;;;;;;
16071;Landkreis;Weimarer Land;DEG0G;    804,48;   82 892;   41 063;   41 829;    103;;;;;;;;;
16072;Landkreis;Sonneberg;DEG0H;    460,85;   56 434;   27 891;   28 543;    122;;;;;;;;;
16073;Landkreis;Saalfeld-Rudolstadt;DEG0I;   1 008,78;   101 044;   49 789;   51 255;    100;;;;;;;;;
16074;Landkreis;Saale-Holzland-Kreis;DEG0J;    815,24;   83 643;   41 711;   41 932;    103;;;;;;;;;
16075;Landkreis;Saale-Orla-Kreis;DEG0K;   1 151,31;   78 619;   39 006;   39 613;    68;;;;;;;;;
16076;Landkreis;Greiz;DEG0L;    845,98;   95 563;   47 108;   48 455;    113;;;;;;;;;
16077;Landkreis;Altenburger Land;DEG0M;    569,42;   88 692;   43 245;   45 447;    156;;;;;;;;;
;;Insgesamt;;   16 202,38;  2 122 335;  1 050 971;  1 071 364;    131;;;;;;;;;
;Deutschland;Insgesamt;;   357 676,98;  84 669 326;  41 783 535;  42 885 791;    237;;;;;;;;;
;;;;;;;;;;;;;;;;;
;;;;;;;;;;;;;;;;;
Quelle: Gemeindeverzeichnis-Informationssystem GV-ISys;;;;;;;;;;;;;;;;;
;;;;;;;;;;;;;;;;;
"1)  Fläche in Rheinland-Pfalz: Ohne das Gebiet ""gemeinsames deutsch-luxemburgisches Hoheitsgebiet"" von 6,20 km2.";;;;;;;;;;;;;;;;;
"     Fläche in Mecklenburg-Vorpommern: Ohne das Gebiet ""Küstengewässer einschl. Anteil am Festlandsockel"" von 1,00 km2.";;;;;;;;;;;;;;;;;
     Abweichungen bei den Flächenangaben sind durch Runden der Zahlen möglich.;;;;;;;;;;;;;;;;;
"     Aufgrund fachlicher und methodischer Umstellungen in der Vermessungsverwaltung auf das ""Amtliche Liegenschaftskataster-Informationssystem""
     (ALKIS®) ist der Vergleich der Flächendaten ab 2016 mit den Flächendaten vorangegangener Jahre nur eingeschränkt möglich. ";;;;;;;;;;;;;;;;;
"2) Die Ergebnisse ab Berichtsjahr 2016 sind aufgrund methodischer Änderungen und technischer Weiterentwicklung
     nur bedingt mit den Vorjahreswerten vergleichbar. Erläuterungen dazu finden Sie unter www.destatis.de beim Bevölkerungsstand.";;;;;;;;;;;;;;;;;
;;;;;;;;;;;;;;;;;
© Daten (im Auftrag der Herausgebergemeinschaft Statistische Ämter des Bundes und der Länder);;;;;;;;;;;;;;;;;
     Statistisches Bundesamt (Destatis), 2024;;;;;;;;;;;;;;;;;
     Vervielfältigung und Verbreitung, auch auszugsweise, mit Quellenangabe gestattet.;;;;;;;;;;;;;;;;;
;;;;;;;;;;;;;;;;;
;;;;;;;;;;;;;;;;;
;;;;;;;;;;;;;;;;;
;;;;;;;;;;;;;;;;;
;;;;;;;;;;;;;;;;;
;;;;;;;;;;;;;;;;;
;;;;;;;;;;;;;;;;;
;;;;;;;;;;;;;;;;;
;;;;;;;;;;;;;;;;;
;;;;;;;;;;;;;;;;;
;;;;;;;;;;;;;;;;;
;;;;;;;;;;;;;;;;;
;;;;;;;;;;;;;;;;;
;;;;;;;;;;;;;;;;;
;;;;;;;;;;;;;;;;;
;;;;;;;;;;;;;;;;;
;;;;;;;;;;;;;;;;;
;;;;;;;;;;;;;;;;;
;;;;;;;;;;;;;;;;;
;;;;;;;;;;;;;;;;;
;;;;;;;;;;;;;;;;;
;;;;;;;;;;;;;;;;;
;;;;;;;;;;;;;;;;;
;;;;;;;;;;;;;;;;;
;;;;;;;;;;;;;;;;;
;;;;;;;;;;;;;;;;;
;;;;;;;;;;;;;;;;;
;;;;;;;;;;;;;;;;;
;;;;;;;;;;;;;;;;;
;;;;;;;;;;;;;;;;;
;;;;;;;;;;;;;;;;;
;;;;;;;;;;;;;;;;;
;;;;;;;;;;;;;;;;;
;;;;;;;;;;;;;;;;;
;;;;;;;;;;;;;;;;;
;;;;;;;;;;;;;;;;;
;;;;;;;;;;;;;;;;;
;;;;;;;;;;;;;;;;;
;;;;;;;;;;;;;;;;;
;;;;;;;;;;;;;;;;;
;;;;;;;;;;;;;;;;;
;;;;;;;;;;;;;;;;;
;;;;;;;;;;;;;;;;;
;;;;;;;;;;;;;;;;;
;;;;;;;;;;;;;;;;;
;;;;;;;;;;;;;;;;;
;;;;;;;;;;;;;;;;;
;;;;;;;;;;;;;;;;;
;;;;;;;;;;;;;;;;;
;;;;;;;;;;;;;;;;;
;;;;;;;;;;;;;;;;;
;;;;;;;;;;;;;;;;;
;;;;;;;;;;;;;;;;;
;;;;;;;;;;;;;;;;;
;;;;;;;;;;;;;;;;;
;;;;;;;;;;;;;;;;;
;;;;;;;;;;;;;;;;;
;;;;;;;;;;;;;;;;;
;;;;;;;;;;;;;;;;;
;;;;;;;;;;;;;;;;;
;;;;;;;;;;;;;;;;;
;;;;;;;;;;;;;;;;;
;;;;;;;;;;;;;;;;;
;;;;;;;;;;;;;;;;;
;;;;;;;;;;;;;;;;;
;;;;;;;;;;;;;;;;;
;;;;;;;;;;;;;;;;;
;;;;;;;;;;;;;;;;;
;;;;;;;;;;;;;;;;;
;;;;;;;;;;;;;;;;;
;;;;;;;;;;;;;;;;;
;;;;;;;;;;;;;;;;;
;;;;;;;;;;;;;;;;;
;;;;;;;;;;;;;;;;;
;;;;;;;;;;;;;;;;;
;;;;;;;;;;;;;;;;;
;;;;;;;;;;;;;;;;;
;;;;;;;;;;;;;;;;;
;;;;;;;;;;;;;;;;;
;;;;;;;;;;;;;;;;;
;;;;;;;;;;;;;;;;;
;;;;;;;;;;;;;;;;;
;;;;;;;;;;;;;;;;;
;;;;;;;;;;;;;;;;;
;;;;;;;;;;;;;;;;;
;;;;;;;;;;;;;;;;;
;;;;;;;;;;;;;;;;;
;;;;;;;;;;;;;;;;;
;;;;;;;;;;;;;;;;;
;;;;;;;;;;;;;;;;;
;;;;;;;;;;;;;;;;;
;;;;;;;;;;;;;;;;;
;;;;;;;;;;;;;;;;;
;;;;;;;;;;;;;;;;;
;;;;;;;;;;;;;;;;;
;;;;;;;;;;;;;;;;;
;;;;;;;;;;;;;;;;;
;;;;;;;;;;;;;;;;;
;;;;;;;;;;;;;;;;;
;;;;;;;;;;;;;;;;;
;;;;;;;;;;;;;;;;;
;;;;;;;;;;;;;;;;;
;;;;;;;;;;;;;;;;;
;;;;;;;;;;;;;;;;;
;;;;;;;;;;;;;;;;;
;;;;;;;;;;;;;;;;;
;;;;;;;;;;;;;;;;;
;;;;;;;;;;;;;;;;;
;;;;;;;;;;;;;;;;;
;;;;;;;;;;;;;;;;;
;;;;;;;;;;;;;;;;;
;;;;;;;;;;;;;;;;;
;;;;;;;;;;;;;;;;;
;;;;;;;;;;;;;;;;;
;;;;;;;;;;;;;;;;;
;;;;;;;;;;;;;;;;;
;;;;;;;;;;;;;;;;;
;;;;;;;;;;;;;;;;;
;;;;;;;;;;;;;;;;;
;;;;;;;;;;;;;;;;;
;;;;;;;;;;;;;;;;;
;;;;;;;;;;;;;;;;;
;;;;;;;;;;;;;;;;;
;;;;;;;;;;;;;;;;;
;;;;;;;;;;;;;;;;;
;;;;;;;;;;;;;;;;;
;;;;;;;;;;;;;;;;;
;;;;;;;;;;;;;;;;;
;;;;;;;;;;;;;;;;;
;;;;;;;;;;;;;;;;;
;;;;;;;;;;;;;;;;;
;;;;;;;;;;;;;;;;;
;;;;;;;;;;;;;;;;;
;;;;;;;;;;;;;;;;;
;;;;;;;;;;;;;;;;;
;;;;;;;;;;;;;;;;;
;;;;;;;;;;;;;;;;;
;;;;;;;;;;;;;;;;;
;;;;;;;;;;;;;;;;;
;;;;;;;;;;;;;;;;;
;;;;;;;;;;;;;;;;;
;;;;;;;;;;;;;;;;;
;;;;;;;;;;;;;;;;;
;;;;;;;;;;;;;;;;;
;;;;;;;;;;;;;;;;;
;;;;;;;;;;;;;;;;;
;;;;;;;;;;;;;;;;;
;;;;;;;;;;;;;;;;;
;;;;;;;;;;;;;;;;;
;;;;;;;;;;;;;;;;;
;;;;;;;;;;;;;;;;;
;;;;;;;;;;;;;;;;;
;;;;;;;;;;;;;;;;;
;;;;;;;;;;;;;;;;;
;;;;;;;;;;;;;;;;;
;;;;;;;;;;;;;;;;;
;;;;;;;;;;;;;;;;;
;;;;;;;;;;;;;;;;;
;;;;;;;;;;;;;;;;;
;;;;;;;;;;;;;;;;;
;;;;;;;;;;;;;;;;;
;;;;;;;;;;;;;;;;;
;;;;;;;;;;;;;;;;;
;;;;;;;;;;;;;;;;;
;;;;;;;;;;;;;;;;;
