,Jahr,Herkunfts-/Zielländer,Value
0,2000,Afghanistan,4024
1,2000,Albanien,-451
2,2000,Algerien,264
3,2000,Andorra,0
4,2000,Angola,104
5,2000,Argentinien,463
6,2000,Armenien,-195
7,2000,Aserbaidschan,1743
8,2000,Australien,-467
9,2000,Belarus,1869
10,2000,Belgien,431
11,2000,"Bolivien, Plurinationaler Staat",121
12,2000,Bosnien und Herzegowina,-6929
13,2000,Brasilien,1928
14,2000,Bulgarien,3669
15,2000,Chile,274
16,2000,China,9244
17,2000,Costa Rica,22
18,2000,Cote d'Ivoire,179
19,2000,Dänemark,539
20,2000,Estland,326
21,2000,Finnland,246
22,2000,Frankreich,3041
23,2000,Georgien,652
24,2000,Ghana,688
25,2000,Griechenland,-984
26,2000,Honduras,37
27,2000,Indien,1931
28,2000,Indonesien,473
29,2000,Irak,9249
30,2000,"Iran, Islamische Republik",3853
31,2000,Irland,-79
32,2000,Island,-30
33,2000,Israel,320
34,2000,Italien,-868
35,2000,Japan,816
36,2000,Jemen,232
37,2000,Jordanien,238
38,2000,Kamerun,981
39,2000,Kanada,76
40,2000,Kasachstan,9705
41,2000,Kenia,429
42,2000,Kirgisistan,1108
43,2000,Kolumbien,1133
44,2000,"Kongo, Demokratische Republik",-802
45,2000,"Kongo, Republik",49
46,2000,"Korea, Demokratische Volksrepublik",152
47,2000,"Korea, Republik",485
48,2000,Kosovo,0
49,2000,Kroatien,1082
50,2000,Kuwait,16
51,2000,Lettland,584
52,2000,Libanon,1462
53,2000,Libyen,102
54,2000,Litauen,1407
55,2000,Luxemburg,266
56,2000,Malta,8
57,2000,Marokko,2557
58,2000,Mexiko,790
59,2000,Montenegro (ab 03.06.2006),0
60,2000,Namibia,18
61,2000,Neuseeland,109
62,2000,Nicaragua,9
63,2000,Niederlande,1523
64,2000,Niger,-11
65,2000,Nigeria,76
66,2000,Nordmazedonien,797
67,2000,Norwegen,-12
68,2000,Pakistan,1140
69,2000,Paraguay,85
70,2000,Peru,562
71,2000,Philippinen,884
72,2000,Polen,13703
73,2000,Portugal,-1190
74,2000,Ruanda,-9
75,2000,Rumänien,7427
76,2000,Russische Föderation,20687
77,2000,Saudi-Arabien,85
78,2000,Schweden,592
79,2000,Schweiz,368
80,2000,Senegal,97
81,2000,Serbien,0
82,2000,Singapur,94
83,2000,Slowakei,2134
84,2000,Slowenien,-26
85,2000,Somalia,-54
86,2000,Spanien,-233
87,2000,Sudan (einschließlich Südsudan) (bis 08.07.2011),0
88,2000,Sudan (ohne Südsudan) (ab 09.07.2011),0
89,2000,Syrien,3262
90,2000,Südafrika,508
91,2000,Südsudan (ab 09.07.2011),0
92,2000,Tadschikistan,39
93,2000,Tansania,2
94,2000,Thailand,3286
95,2000,Tschechien,2594
96,2000,Tunesien,1191
97,2000,Türkei,10084
98,2000,Uganda,55
99,2000,Ukraine,13647
100,2000,Unbekanntes Ausland,-2803
101,2000,Ungarn,1817
102,2000,Ungeklärt / Ohne Angabe,-6898
103,2000,Uruguay,38
104,2000,Usbekistan,1034
105,2000,"Venezuela, Bolivarische Republik",284
106,2000,Vereinigte Arabische Emirate,94
107,2000,Vereinigte Staaten,-4559
108,2000,Vereinigtes Königreich,1715
109,2000,Vietnam,1715
110,2000,Zentralafrikanische Republik,-1
111,2000,Zypern,35
112,2000,Ägypten,415
113,2000,Äthiopien,177
114,2000,Österreich,2427
115,2000,Übriges Afrika,1608
116,2000,Übriges Amerika,1889
117,2000,Übriges Asien,343
118,2000,Übriges Europa,-54913
119,2000,Übriges Ozeanien,-48
120,2001,Afghanistan,3549
121,2001,Albanien,284
122,2001,Algerien,970
123,2001,Andorra,3
124,2001,Angola,214
125,2001,Argentinien,670
126,2001,Armenien,348
127,2001,Aserbaidschan,1934
128,2001,Australien,477
129,2001,Belarus,2668
130,2001,Belgien,586
131,2001,"Bolivien, Plurinationaler Staat",83
132,2001,Bosnien und Herzegowina,2332
133,2001,Brasilien,2008
134,2001,Bulgarien,5353
135,2001,Chile,277
136,2001,China,13989
137,2001,Costa Rica,59
138,2001,Cote d'Ivoire,156
139,2001,Dänemark,486
140,2001,Estland,324
141,2001,Finnland,140
142,2001,Frankreich,1847
143,2001,Georgien,1501
144,2001,Ghana,1063
145,2001,Griechenland,-2206
146,2001,Honduras,46
147,2001,Indien,4188
148,2001,Indonesien,679
149,2001,Irak,14966
150,2001,"Iran, Islamische Republik",2607
151,2001,Irland,45
152,2001,Island,1
153,2001,Israel,809
154,2001,Italien,-4072
155,2001,Japan,1126
156,2001,Jemen,151
157,2001,Jordanien,254
158,2001,Kamerun,1360
159,2001,Kanada,388
160,2001,Kasachstan,9473
161,2001,Kenia,507
162,2001,Kirgisistan,1087
163,2001,Kolumbien,929
164,2001,"Kongo, Demokratische Republik",-95
165,2001,"Kongo, Republik",236
166,2001,"Korea, Demokratische Volksrepublik",97
167,2001,"Korea, Republik",841
168,2001,Kosovo,0
169,2001,Kroatien,-112
170,2001,Kuwait,-9
171,2001,Lettland,923
172,2001,Libanon,1293
173,2001,Libyen,277
174,2001,Litauen,1609
175,2001,Luxemburg,404
176,2001,Malta,30
177,2001,Marokko,3325
178,2001,Mexiko,527
179,2001,Montenegro (ab 03.06.2006),0
180,2001,Namibia,50
181,2001,Neuseeland,154
182,2001,Nicaragua,20
183,2001,Niederlande,3278
184,2001,Niger,79
185,2001,Nigeria,429
186,2001,Nordmazedonien,2760
187,2001,Norwegen,21
188,2001,Pakistan,923
189,2001,Paraguay,52
190,2001,Peru,608
191,2001,Philippinen,828
192,2001,Polen,15049
193,2001,Portugal,-1433
194,2001,Ruanda,-9
195,2001,Rumänien,1770
196,2001,Russische Föderation,24526
197,2001,Saudi-Arabien,121
198,2001,Schweden,417
199,2001,Schweiz,135
200,2001,Senegal,61
201,2001,Serbien,0
202,2001,Singapur,100
203,2001,Slowakei,1615
204,2001,Slowenien,199
205,2001,Somalia,-141
206,2001,Spanien,-192
207,2001,Sudan (einschließlich Südsudan) (bis 08.07.2011),0
208,2001,Sudan (ohne Südsudan) (ab 09.07.2011),0
209,2001,Syrien,3057
210,2001,Südafrika,462
211,2001,Südsudan (ab 09.07.2011),0
212,2001,Tadschikistan,64
213,2001,Tansania,33
214,2001,Thailand,4179
215,2001,Tschechien,2663
216,2001,Tunesien,1362
217,2001,Türkei,18703
218,2001,Uganda,108
219,2001,Ukraine,14778
220,2001,Unbekanntes Ausland,-1992
221,2001,Ungarn,2433
222,2001,Ungeklärt / Ohne Angabe,-3727
223,2001,Uruguay,56
224,2001,Usbekistan,1114
225,2001,"Venezuela, Bolivarische Republik",265
226,2001,Vereinigte Arabische Emirate,206
227,2001,Vereinigte Staaten,-266
228,2001,Vereinigtes Königreich,975
229,2001,Vietnam,4256
230,2001,Zentralafrikanische Republik,2
231,2001,Zypern,27
232,2001,Ägypten,556
233,2001,Äthiopien,184
234,2001,Österreich,2918
235,2001,Übriges Afrika,3651
236,2001,Übriges Amerika,2112
237,2001,Übriges Asien,1690
238,2001,Übriges Europa,-6007
239,2001,Übriges Ozeanien,-15
240,2002,Afghanistan,1624
241,2002,Albanien,522
242,2002,Algerien,888
243,2002,Andorra,-1
244,2002,Angola,445
245,2002,Argentinien,1104
246,2002,Armenien,251
247,2002,Aserbaidschan,1700
248,2002,Australien,479
249,2002,Belarus,2308
250,2002,Belgien,379
251,2002,"Bolivien, Plurinationaler Staat",192
252,2002,Bosnien und Herzegowina,1362
253,2002,Brasilien,1748
254,2002,Bulgarien,4478
255,2002,Chile,282
256,2002,China,9852
257,2002,Costa Rica,60
258,2002,Cote d'Ivoire,284
259,2002,Dänemark,44
260,2002,Estland,315
261,2002,Finnland,-370
262,2002,Frankreich,267
263,2002,Georgien,1730
264,2002,Ghana,1123
265,2002,Griechenland,-3885
266,2002,Honduras,54
267,2002,Indien,4043
268,2002,Indonesien,504
269,2002,Irak,7582
270,2002,"Iran, Islamische Republik",2340
271,2002,Irland,-216
272,2002,Island,53
273,2002,Israel,1087
274,2002,Italien,-8892
275,2002,Japan,464
276,2002,Jemen,199
277,2002,Jordanien,332
278,2002,Kamerun,1746
279,2002,Kanada,443
280,2002,Kasachstan,9567
281,2002,Kenia,537
282,2002,Kirgisistan,1069
283,2002,Kolumbien,846
284,2002,"Kongo, Demokratische Republik",104
285,2002,"Kongo, Republik",303
286,2002,"Korea, Demokratische Volksrepublik",278
287,2002,"Korea, Republik",882
288,2002,Kosovo,0
289,2002,Kroatien,-725
290,2002,Kuwait,29
291,2002,Lettland,732
292,2002,Libanon,1664
293,2002,Libyen,26
294,2002,Litauen,1600
295,2002,Luxemburg,496
296,2002,Malta,22
297,2002,Marokko,3504
298,2002,Mexiko,690
299,2002,Montenegro (ab 03.06.2006),0
300,2002,Namibia,43
301,2002,Neuseeland,111
302,2002,Nicaragua,30
303,2002,Niederlande,4528
304,2002,Niger,155
305,2002,Nigeria,735
306,2002,Nordmazedonien,595
307,2002,Norwegen,224
308,2002,Pakistan,1397
309,2002,Paraguay,88
310,2002,Peru,582
311,2002,Philippinen,747
312,2002,Polen,13811
313,2002,Portugal,-2563
314,2002,Ruanda,17
315,2002,Rumänien,6372
316,2002,Russische Föderation,22603
317,2002,Saudi-Arabien,173
318,2002,Schweden,151
319,2002,Schweiz,305
320,2002,Senegal,70
321,2002,Serbien,0
322,2002,Singapur,139
323,2002,Slowakei,1729
324,2002,Slowenien,-87
325,2002,Somalia,-138
326,2002,Spanien,-681
327,2002,Sudan (einschließlich Südsudan) (bis 08.07.2011),0
328,2002,Sudan (ohne Südsudan) (ab 09.07.2011),0
329,2002,Syrien,2547
330,2002,Südafrika,450
331,2002,Südsudan (ab 09.07.2011),0
332,2002,Tadschikistan,87
333,2002,Tansania,87
334,2002,Thailand,4156
335,2002,Tschechien,1348
336,2002,Tunesien,1205
337,2002,Türkei,21754
338,2002,Uganda,174
339,2002,Ukraine,13918
340,2002,Unbekanntes Ausland,-3251
341,2002,Ungarn,889
342,2002,Ungeklärt / Ohne Angabe,-3818
343,2002,Uruguay,92
344,2002,Usbekistan,1131
345,2002,"Venezuela, Bolivarische Republik",239
346,2002,Vereinigte Arabische Emirate,114
347,2002,Vereinigte Staaten,977
348,2002,Vereinigtes Königreich,-617
349,2002,Vietnam,2649
350,2002,Zentralafrikanische Republik,-4
351,2002,Zypern,42
352,2002,Ägypten,566
353,2002,Äthiopien,395
354,2002,Österreich,1064
355,2002,Übriges Afrika,2270
356,2002,Übriges Amerika,1857
357,2002,Übriges Asien,2059
358,2002,Übriges Europa,-9317
359,2002,Übriges Ozeanien,26
360,2003,Afghanistan,672
361,2003,Albanien,474
362,2003,Algerien,233
363,2003,Andorra,3
364,2003,Angola,55
365,2003,Argentinien,528
366,2003,Armenien,108
367,2003,Aserbaidschan,1306
368,2003,Australien,117
369,2003,Belarus,2174
370,2003,Belgien,210
371,2003,"Bolivien, Plurinationaler Staat",94
372,2003,Bosnien und Herzegowina,521
373,2003,Brasilien,1733
374,2003,Bulgarien,3257
375,2003,Chile,251
376,2003,China,4935
377,2003,Costa Rica,24
378,2003,Cote d'Ivoire,359
379,2003,Dänemark,220
380,2003,Estland,306
381,2003,Finnland,-34
382,2003,Frankreich,876
383,2003,Georgien,1052
384,2003,Ghana,831
385,2003,Griechenland,-4990
386,2003,Honduras,39
387,2003,Indien,3413
388,2003,Indonesien,300
389,2003,Irak,1534
390,2003,"Iran, Islamische Republik",1561
391,2003,Irland,-182
392,2003,Island,10
393,2003,Israel,858
394,2003,Italien,-9548
395,2003,Japan,563
396,2003,Jemen,165
397,2003,Jordanien,234
398,2003,Kamerun,1374
399,2003,Kanada,430
400,2003,Kasachstan,7296
401,2003,Kenia,519
402,2003,Kirgisistan,973
403,2003,Kolumbien,498
404,2003,"Kongo, Demokratische Republik",-190
405,2003,"Kongo, Republik",-27
406,2003,"Korea, Demokratische Volksrepublik",49
407,2003,"Korea, Republik",699
408,2003,Kosovo,0
409,2003,Kroatien,-304
410,2003,Kuwait,27
411,2003,Lettland,453
412,2003,Libanon,1415
413,2003,Libyen,91
414,2003,Litauen,1238
415,2003,Luxemburg,435
416,2003,Malta,-6
417,2003,Marokko,3191
418,2003,Mexiko,731
419,2003,Montenegro (ab 03.06.2006),0
420,2003,Namibia,4
421,2003,Neuseeland,-8
422,2003,Nicaragua,18
423,2003,Niederlande,4168
424,2003,Niger,78
425,2003,Nigeria,707
426,2003,Nordmazedonien,981
427,2003,Norwegen,200
428,2003,Pakistan,1624
429,2003,Paraguay,113
430,2003,Peru,654
431,2003,Philippinen,647
432,2003,Polen,15372
433,2003,Portugal,-1104
434,2003,Ruanda,29
435,2003,Rumänien,4547
436,2003,Russische Föderation,18014
437,2003,Saudi-Arabien,214
438,2003,Schweden,308
439,2003,Schweiz,560
440,2003,Senegal,123
441,2003,Serbien,0
442,2003,Singapur,100
443,2003,Slowakei,1144
444,2003,Slowenien,-234
445,2003,Somalia,7
446,2003,Spanien,-976
447,2003,Sudan (einschließlich Südsudan) (bis 08.07.2011),0
448,2003,Sudan (ohne Südsudan) (ab 09.07.2011),0
449,2003,Syrien,1674
450,2003,Südafrika,151
451,2003,Südsudan (ab 09.07.2011),0
452,2003,Tadschikistan,17
453,2003,Tansania,91
454,2003,Thailand,3472
455,2003,Tschechien,357
456,2003,Tunesien,1234
457,2003,Türkei,14197
458,2003,Uganda,125
459,2003,Ukraine,11285
460,2003,Unbekanntes Ausland,0
461,2003,Ungarn,-520
462,2003,Ungeklärt / Ohne Angabe,-15113
463,2003,Uruguay,86
464,2003,Usbekistan,873
465,2003,"Venezuela, Bolivarische Republik",332
466,2003,Vereinigte Arabische Emirate,174
467,2003,Vereinigte Staaten,724
468,2003,Vereinigtes Königreich,-275
469,2003,Vietnam,2058
470,2003,Zentralafrikanische Republik,20
471,2003,Zypern,-28
472,2003,Ägypten,80
473,2003,Äthiopien,403
474,2003,Österreich,527
475,2003,Übriges Afrika,2503
476,2003,Übriges Amerika,1734
477,2003,Übriges Asien,1529
478,2003,Übriges Europa,-5470
479,2003,Übriges Ozeanien,12
480,2004,Afghanistan,314
481,2004,Albanien,216
482,2004,Algerien,-68
483,2004,Andorra,-3
484,2004,Angola,-74
485,2004,Argentinien,181
486,2004,Armenien,-196
487,2004,Aserbaidschan,1025
488,2004,Australien,92
489,2004,Belarus,1513
490,2004,Belgien,104
491,2004,"Bolivien, Plurinationaler Staat",113
492,2004,Bosnien und Herzegowina,-13
493,2004,Brasilien,1787
494,2004,Bulgarien,1480
495,2004,Chile,271
496,2004,China,907
497,2004,Costa Rica,28
498,2004,Cote d'Ivoire,87
499,2004,Dänemark,-153
500,2004,Estland,53
501,2004,Finnland,-316
502,2004,Frankreich,-366
503,2004,Georgien,189
504,2004,Ghana,603
505,2004,Griechenland,-9252
506,2004,Honduras,12
507,2004,Indien,2310
508,2004,Indonesien,105
509,2004,Irak,-1613
510,2004,"Iran, Islamische Republik",770
511,2004,Irland,-448
512,2004,Island,2
513,2004,Israel,484
514,2004,Italien,-13824
515,2004,Japan,-85
516,2004,Jemen,126
517,2004,Jordanien,188
518,2004,Kamerun,865
519,2004,Kanada,190
520,2004,Kasachstan,5115
521,2004,Kenia,528
522,2004,Kirgisistan,849
523,2004,Kolumbien,524
524,2004,"Kongo, Demokratische Republik",-246
525,2004,"Kongo, Republik",-148
526,2004,"Korea, Demokratische Volksrepublik",-6
527,2004,"Korea, Republik",151
528,2004,Kosovo,0
529,2004,Kroatien,-1784
530,2004,Kuwait,20
531,2004,Lettland,694
532,2004,Libanon,979
533,2004,Libyen,85
534,2004,Litauen,2487
535,2004,Luxemburg,478
536,2004,Malta,-15
537,2004,Marokko,1485
538,2004,Mexiko,559
539,2004,Montenegro (ab 03.06.2006),0
540,2004,Namibia,32
541,2004,Neuseeland,46
542,2004,Nicaragua,-11
543,2004,Niederlande,3169
544,2004,Niger,75
545,2004,Nigeria,529
546,2004,Nordmazedonien,460
547,2004,Norwegen,123
548,2004,Pakistan,1399
549,2004,Paraguay,58
550,2004,Peru,456
551,2004,Philippinen,357
552,2004,Polen,29749
553,2004,Portugal,-2799
554,2004,Ruanda,27
555,2004,Rumänien,3863
556,2004,Russische Föderation,14743
557,2004,Saudi-Arabien,79
558,2004,Schweden,73
559,2004,Schweiz,282
560,2004,Senegal,46
561,2004,Serbien,0
562,2004,Singapur,112
563,2004,Slowakei,1515
564,2004,Slowenien,-16
565,2004,Somalia,13
566,2004,Spanien,-2330
567,2004,Sudan (einschließlich Südsudan) (bis 08.07.2011),0
568,2004,Sudan (ohne Südsudan) (ab 09.07.2011),0
569,2004,Syrien,1081
570,2004,Südafrika,-24
571,2004,Südsudan (ab 09.07.2011),0
572,2004,Tadschikistan,10
573,2004,Tansania,-5
574,2004,Thailand,2910
575,2004,Tschechien,813
576,2004,Tunesien,1286
577,2004,Türkei,5756
578,2004,Uganda,76
579,2004,Ukraine,8838
580,2004,Unbekanntes Ausland,0
581,2004,Ungarn,1115
582,2004,Ungeklärt / Ohne Angabe,-16947
583,2004,Uruguay,12
584,2004,Usbekistan,686
585,2004,"Venezuela, Bolivarische Republik",177
586,2004,Vereinigte Arabische Emirate,42
587,2004,Vereinigte Staaten,174
588,2004,Vereinigtes Königreich,-2017
589,2004,Vietnam,1050
590,2004,Zentralafrikanische Republik,-16
591,2004,Zypern,-6
592,2004,Ägypten,-12
593,2004,Äthiopien,386
594,2004,Österreich,-557
595,2004,Übriges Afrika,1760
596,2004,Übriges Amerika,1085
597,2004,Übriges Asien,567
598,2004,Übriges Europa,-4426
599,2004,Übriges Ozeanien,-6
600,2005,Afghanistan,-76
601,2005,Albanien,295
602,2005,Algerien,17
603,2005,Andorra,7
604,2005,Angola,-114
605,2005,Argentinien,236
606,2005,Armenien,-197
607,2005,Aserbaidschan,-33
608,2005,Australien,216
609,2005,Belarus,911
610,2005,Belgien,323
611,2005,"Bolivien, Plurinationaler Staat",104
612,2005,Bosnien und Herzegowina,139
613,2005,Brasilien,2097
614,2005,Bulgarien,147
615,2005,Chile,146
616,2005,China,1906
617,2005,Costa Rica,36
618,2005,Cote d'Ivoire,68
619,2005,Dänemark,317
620,2005,Estland,244
621,2005,Finnland,136
622,2005,Frankreich,2369
623,2005,Georgien,379
624,2005,Ghana,334
625,2005,Griechenland,-6728
626,2005,Honduras,33
627,2005,Indien,1746
628,2005,Indonesien,192
629,2005,Irak,-989
630,2005,"Iran, Islamische Republik",691
631,2005,Irland,21
632,2005,Island,-36
633,2005,Israel,393
634,2005,Italien,-7374
635,2005,Japan,656
636,2005,Jemen,70
637,2005,Jordanien,93
638,2005,Kamerun,651
639,2005,Kanada,198
640,2005,Kasachstan,3331
641,2005,Kenia,625
642,2005,Kirgisistan,518
643,2005,Kolumbien,500
644,2005,"Kongo, Demokratische Republik",-236
645,2005,"Kongo, Republik",-164
646,2005,"Korea, Demokratische Volksrepublik",39
647,2005,"Korea, Republik",749
648,2005,Kosovo,0
649,2005,Kroatien,-1755
650,2005,Kuwait,31
651,2005,Lettland,1051
652,2005,Libanon,524
653,2005,Libyen,-7
654,2005,Litauen,3070
655,2005,Luxemburg,926
656,2005,Malta,16
657,2005,Marokko,1454
658,2005,Mexiko,661
659,2005,Montenegro (ab 03.06.2006),0
660,2005,Namibia,-9
661,2005,Neuseeland,23
662,2005,Nicaragua,27
663,2005,Niederlande,4944
664,2005,Niger,25
665,2005,Nigeria,114
666,2005,Nordmazedonien,547
667,2005,Norwegen,118
668,2005,Pakistan,486
669,2005,Paraguay,81
670,2005,Peru,450
671,2005,Philippinen,500
672,2005,Polen,50681
673,2005,Portugal,-1420
674,2005,Ruanda,53
675,2005,Rumänien,3234
676,2005,Russische Föderation,10474
677,2005,Saudi-Arabien,164
678,2005,Schweden,518
679,2005,Schweiz,406
680,2005,Senegal,66
681,2005,Serbien,0
682,2005,Singapur,7
683,2005,Slowakei,2736
684,2005,Slowenien,-119
685,2005,Somalia,-22
686,2005,Spanien,-710
687,2005,Sudan (einschließlich Südsudan) (bis 08.07.2011),0
688,2005,Sudan (ohne Südsudan) (ab 09.07.2011),0
689,2005,Syrien,1036
690,2005,Südafrika,110
691,2005,Südsudan (ab 09.07.2011),0
692,2005,Tadschikistan,25
693,2005,Tansania,27
694,2005,Thailand,2380
695,2005,Tschechien,2460
696,2005,Tunesien,1039
697,2005,Türkei,2949
698,2005,Uganda,11
699,2005,Ukraine,5064
700,2005,Unbekanntes Ausland,0
701,2005,Ungarn,3071
702,2005,Ungeklärt / Ohne Angabe,-12220
703,2005,Uruguay,13
704,2005,Usbekistan,654
705,2005,"Venezuela, Bolivarische Republik",197
706,2005,Vereinigte Arabische Emirate,171
707,2005,Vereinigte Staaten,715
708,2005,Vereinigtes Königreich,-161
709,2005,Vietnam,801
710,2005,Zentralafrikanische Republik,-1
711,2005,Zypern,92
712,2005,Ägypten,72
713,2005,Äthiopien,112
714,2005,Österreich,1100
715,2005,Übriges Afrika,641
716,2005,Übriges Amerika,1215
717,2005,Übriges Asien,921
718,2005,Übriges Europa,-1104
719,2005,Übriges Ozeanien,-4
720,2006,Afghanistan,2
721,2006,Albanien,278
722,2006,Algerien,5
723,2006,Andorra,2
724,2006,Angola,-51
725,2006,Argentinien,121
726,2006,Armenien,-269
727,2006,Aserbaidschan,-50
728,2006,Australien,308
729,2006,Belarus,364
730,2006,Belgien,414
731,2006,"Bolivien, Plurinationaler Staat",127
732,2006,Bosnien und Herzegowina,419
733,2006,Brasilien,2030
734,2006,Bulgarien,553
735,2006,Chile,192
736,2006,China,2337
737,2006,Costa Rica,60
738,2006,Cote d'Ivoire,5
739,2006,Dänemark,190
740,2006,Estland,131
741,2006,Finnland,14
742,2006,Frankreich,3415
743,2006,Georgien,-123
744,2006,Ghana,214
745,2006,Griechenland,-6084
746,2006,Honduras,14
747,2006,Indien,2002
748,2006,Indonesien,183
749,2006,Irak,-430
750,2006,"Iran, Islamische Republik",521
751,2006,Irland,10
752,2006,Island,5
753,2006,Israel,462
754,2006,Italien,-5720
755,2006,Japan,403
756,2006,Jemen,115
757,2006,Jordanien,7
758,2006,Kamerun,308
759,2006,Kanada,114
760,2006,Kasachstan,1223
761,2006,Kenia,705
762,2006,Kirgisistan,318
763,2006,Kolumbien,635
764,2006,"Kongo, Demokratische Republik",-155
765,2006,"Kongo, Republik",-86
766,2006,"Korea, Demokratische Volksrepublik",-17
767,2006,"Korea, Republik",1011
768,2006,Kosovo,0
769,2006,Kroatien,-1558
770,2006,Kuwait,104
771,2006,Lettland,564
772,2006,Libanon,816
773,2006,Libyen,2
774,2006,Litauen,2085
775,2006,Luxemburg,1040
776,2006,Malta,42
777,2006,Marokko,1513
778,2006,Mexiko,1052
779,2006,Montenegro (ab 03.06.2006),84
780,2006,Namibia,39
781,2006,Neuseeland,116
782,2006,Nicaragua,21
783,2006,Niederlande,5335
784,2006,Niger,5
785,2006,Nigeria,355
786,2006,Nordmazedonien,569
787,2006,Norwegen,-21
788,2006,Pakistan,624
789,2006,Paraguay,51
790,2006,Peru,426
791,2006,Philippinen,537
792,2006,Polen,48341
793,2006,Portugal,-1267
794,2006,Ruanda,37
795,2006,Rumänien,3080
796,2006,Russische Föderation,5192
797,2006,Saudi-Arabien,137
798,2006,Schweden,335
799,2006,Schweiz,302
800,2006,Senegal,46
801,2006,Serbien,0
802,2006,Singapur,57
803,2006,Slowakei,2067
804,2006,Slowenien,-122
805,2006,Somalia,-53
806,2006,Spanien,-389
807,2006,Sudan (einschließlich Südsudan) (bis 08.07.2011),0
808,2006,Sudan (ohne Südsudan) (ab 09.07.2011),0
809,2006,Syrien,708
810,2006,Südafrika,85
811,2006,Südsudan (ab 09.07.2011),0
812,2006,Tadschikistan,39
813,2006,Tansania,12
814,2006,Thailand,1897
815,2006,Tschechien,1616
816,2006,Tunesien,1094
817,2006,Türkei,-189
818,2006,Uganda,31
819,2006,Ukraine,2342
820,2006,Unbekanntes Ausland,-21200
821,2006,Ungarn,4016
822,2006,Ungeklärt / Ohne Angabe,-190
823,2006,Uruguay,3
824,2006,Usbekistan,367
825,2006,"Venezuela, Bolivarische Republik",145
826,2006,Vereinigte Arabische Emirate,-14
827,2006,Vereinigte Staaten,978
828,2006,Vereinigtes Königreich,379
829,2006,Vietnam,80
830,2006,Zentralafrikanische Republik,-3
831,2006,Zypern,28
832,2006,Ägypten,634
833,2006,Äthiopien,230
834,2006,Österreich,1571
835,2006,Übriges Afrika,55
836,2006,Übriges Amerika,1209
837,2006,Übriges Asien,855
838,2006,Übriges Europa,119
839,2006,Übriges Ozeanien,0
840,2007,Afghanistan,215
841,2007,Albanien,282
842,2007,Algerien,74
843,2007,Andorra,11
844,2007,Angola,-66
845,2007,Argentinien,199
846,2007,Armenien,-378
847,2007,Aserbaidschan,-103
848,2007,Australien,308
849,2007,Belarus,471
850,2007,Belgien,207
851,2007,"Bolivien, Plurinationaler Staat",68
852,2007,Bosnien und Herzegowina,-148
853,2007,Brasilien,2215
854,2007,Bulgarien,12391
855,2007,Chile,228
856,2007,China,2798
857,2007,Costa Rica,41
858,2007,Cote d'Ivoire,69
859,2007,Dänemark,110
860,2007,Estland,215
861,2007,Finnland,304
862,2007,Frankreich,3211
863,2007,Georgien,-187
864,2007,Ghana,254
865,2007,Griechenland,-6042
866,2007,Honduras,29
867,2007,Indien,2004
868,2007,Indonesien,181
869,2007,Irak,1818
870,2007,"Iran, Islamische Republik",625
871,2007,Irland,-73
872,2007,Island,-41
873,2007,Israel,481
874,2007,Italien,-3824
875,2007,Japan,511
876,2007,Jemen,-53
877,2007,Jordanien,18
878,2007,Kamerun,431
879,2007,Kanada,435
880,2007,Kasachstan,631
881,2007,Kenia,657
882,2007,Kirgisistan,451
883,2007,Kolumbien,406
884,2007,"Kongo, Demokratische Republik",-37
885,2007,"Kongo, Republik",-13
886,2007,"Korea, Demokratische Volksrepublik",-63
887,2007,"Korea, Republik",797
888,2007,Kosovo,0
889,2007,Kroatien,-1695
890,2007,Kuwait,39
891,2007,Lettland,357
892,2007,Libanon,777
893,2007,Libyen,-31
894,2007,Litauen,1123
895,2007,Luxemburg,1427
896,2007,Malta,44
897,2007,Marokko,1040
898,2007,Mexiko,620
899,2007,Montenegro (ab 03.06.2006),367
900,2007,Namibia,15
901,2007,Neuseeland,108
902,2007,Nicaragua,20
903,2007,Niederlande,4721
904,2007,Niger,-15
905,2007,Nigeria,448
906,2007,Nordmazedonien,578
907,2007,Norwegen,18
908,2007,Pakistan,404
909,2007,Paraguay,82
910,2007,Peru,332
911,2007,Philippinen,480
912,2007,Polen,29627
913,2007,Portugal,-676
914,2007,Ruanda,6
915,2007,Rumänien,19609
916,2007,Russische Föderation,4733
917,2007,Saudi-Arabien,116
918,2007,Schweden,207
919,2007,Schweiz,-353
920,2007,Senegal,79
921,2007,Serbien,0
922,2007,Singapur,105
923,2007,Slowakei,1211
924,2007,Slowenien,-56
925,2007,Somalia,-53
926,2007,Spanien,439
927,2007,Sudan (einschließlich Südsudan) (bis 08.07.2011),0
928,2007,Sudan (ohne Südsudan) (ab 09.07.2011),0
929,2007,Syrien,716
930,2007,Südafrika,125
931,2007,Südsudan (ab 09.07.2011),0
932,2007,Tadschikistan,37
933,2007,Tansania,37
934,2007,Thailand,1411
935,2007,Tschechien,1094
936,2007,Tunesien,738
937,2007,Türkei,-1651
938,2007,Uganda,44
939,2007,Ukraine,2697
940,2007,Unbekanntes Ausland,-9546
941,2007,Ungarn,5459
942,2007,Ungeklärt / Ohne Angabe,-42
943,2007,Uruguay,5
944,2007,Usbekistan,410
945,2007,"Venezuela, Bolivarische Republik",222
946,2007,Vereinigte Arabische Emirate,122
947,2007,Vereinigte Staaten,1278
948,2007,Vereinigtes Königreich,497
949,2007,Vietnam,278
950,2007,Zentralafrikanische Republik,-5
951,2007,Zypern,34
952,2007,Ägypten,899
953,2007,Äthiopien,228
954,2007,Österreich,1645
955,2007,Übriges Afrika,596
956,2007,Übriges Amerika,1090
957,2007,Übriges Asien,1145
958,2007,Übriges Europa,1060
959,2007,Übriges Ozeanien,9
960,2008,Afghanistan,329
961,2008,Albanien,125
962,2008,Algerien,41
963,2008,Andorra,4
964,2008,Angola,-98
965,2008,Argentinien,34
966,2008,Armenien,-271
967,2008,Aserbaidschan,-107
968,2008,Australien,-51
969,2008,Belarus,208
970,2008,Belgien,-40
971,2008,"Bolivien, Plurinationaler Staat",-52
972,2008,Bosnien und Herzegowina,-979
973,2008,Brasilien,896
974,2008,Bulgarien,8046
975,2008,Chile,84
976,2008,China,694
977,2008,Costa Rica,11
978,2008,Cote d'Ivoire,40
979,2008,Dänemark,-64
980,2008,Estland,-70
981,2008,Finnland,-195
982,2008,Frankreich,370
983,2008,Georgien,-324
984,2008,Ghana,-92
985,2008,Griechenland,-7692
986,2008,Honduras,9
987,2008,Indien,1835
988,2008,Indonesien,156
989,2008,Irak,4901
990,2008,"Iran, Islamische Republik",96
991,2008,Irland,-151
992,2008,Island,-13
993,2008,Israel,193
994,2008,Italien,-4865
995,2008,Japan,-177
996,2008,Jemen,167
997,2008,Jordanien,32
998,2008,Kamerun,-5
999,2008,Kanada,-229
1000,2008,Kasachstan,384
1001,2008,Kenia,505
1002,2008,Kirgisistan,115
1003,2008,Kolumbien,301
1004,2008,"Kongo, Demokratische Republik",-50
1005,2008,"Kongo, Republik",5
1006,2008,"Korea, Demokratische Volksrepublik",-139
1007,2008,"Korea, Republik",187
1008,2008,Kosovo,2031
1009,2008,Kroatien,-3138
1010,2008,Kuwait,-5
1011,2008,Lettland,343
1012,2008,Libanon,559
1013,2008,Libyen,70
1014,2008,Litauen,361
1015,2008,Luxemburg,1374
1016,2008,Malta,-4
1017,2008,Marokko,462
1018,2008,Mexiko,426
1019,2008,Montenegro (ab 03.06.2006),49
1020,2008,Namibia,35
1021,2008,Neuseeland,4
1022,2008,Nicaragua,45
1023,2008,Niederlande,3940
1024,2008,Niger,0
1025,2008,Nigeria,100
1026,2008,Nordmazedonien,32
1027,2008,Norwegen,-296
1028,2008,Pakistan,528
1029,2008,Paraguay,-8
1030,2008,Peru,81
1031,2008,Philippinen,351
1032,2008,Polen,450
1033,2008,Portugal,-934
1034,2008,Ruanda,-8
1035,2008,Rumänien,9901
1036,2008,Russische Föderation,1216
1037,2008,Saudi-Arabien,-98
1038,2008,Schweden,-172
1039,2008,Schweiz,-1225
1040,2008,Senegal,47
1041,2008,Serbien,-948
1042,2008,Singapur,4
1043,2008,Slowakei,-574
1044,2008,Slowenien,-450
1045,2008,Somalia,-14
1046,2008,Spanien,-871
1047,2008,Sudan (einschließlich Südsudan) (bis 08.07.2011),0
1048,2008,Sudan (ohne Südsudan) (ab 09.07.2011),0
1049,2008,Syrien,932
1050,2008,Südafrika,0
1051,2008,Südsudan (ab 09.07.2011),0
1052,2008,Tadschikistan,23
1053,2008,Tansania,3
1054,2008,Thailand,340
1055,2008,Tschechien,-492
1056,2008,Tunesien,249
1057,2008,Türkei,-8107
1058,2008,Uganda,18
1059,2008,Ukraine,615
1060,2008,Unbekanntes Ausland,-791
1061,2008,Ungarn,3735
1062,2008,Ungeklärt / Ohne Angabe,-253
1063,2008,Uruguay,12
1064,2008,Usbekistan,261
1065,2008,"Venezuela, Bolivarische Republik",48
1066,2008,Vereinigte Arabische Emirate,-216
1067,2008,Vereinigte Staaten,-1535
1068,2008,Vereinigtes Königreich,-173
1069,2008,Vietnam,-377
1070,2008,Zentralafrikanische Republik,-7
1071,2008,Zypern,9
1072,2008,Ägypten,213
1073,2008,Äthiopien,134
1074,2008,Österreich,-87
1075,2008,Übriges Afrika,316
1076,2008,Übriges Amerika,172
1077,2008,Übriges Asien,484
1078,2008,Übriges Europa,-2621
1079,2008,Übriges Ozeanien,12
1080,2009,Afghanistan,2939
1081,2009,Albanien,23
1082,2009,Algerien,178
1083,2009,Andorra,-1
1084,2009,Angola,-176
1085,2009,Argentinien,101
1086,2009,Armenien,73
1087,2009,Aserbaidschan,394
1088,2009,Australien,-257
1089,2009,Belarus,255
1090,2009,Belgien,-118
1091,2009,"Bolivien, Plurinationaler Staat",38
1092,2009,Bosnien und Herzegowina,-1472
1093,2009,Brasilien,1037
1094,2009,Bulgarien,8954
1095,2009,Chile,-11
1096,2009,China,705
1097,2009,Costa Rica,32
1098,2009,Cote d'Ivoire,26
1099,2009,Dänemark,-375
1100,2009,Estland,227
1101,2009,Finnland,-393
1102,2009,Frankreich,-1021
1103,2009,Georgien,230
1104,2009,Ghana,23
1105,2009,Griechenland,-7717
1106,2009,Honduras,23
1107,2009,Indien,1296
1108,2009,Indonesien,95
1109,2009,Irak,8602
1110,2009,"Iran, Islamische Republik",419
1111,2009,Irland,-204
1112,2009,Island,13
1113,2009,Israel,289
1114,2009,Italien,-3039
1115,2009,Japan,-1048
1116,2009,Jemen,125
1117,2009,Jordanien,168
1118,2009,Kamerun,548
1119,2009,Kanada,-438
1120,2009,Kasachstan,507
1121,2009,Kenia,696
1122,2009,Kirgisistan,66
1123,2009,Kolumbien,286
1124,2009,"Kongo, Demokratische Republik",-80
1125,2009,"Kongo, Republik",-14
1126,2009,"Korea, Demokratische Volksrepublik",-132
1127,2009,"Korea, Republik",-275
1128,2009,Kosovo,3904
1129,2009,Kroatien,-2937
1130,2009,Kuwait,47
1131,2009,Lettland,2617
1132,2009,Libanon,191
1133,2009,Libyen,-8
1134,2009,Litauen,1305
1135,2009,Luxemburg,856
1136,2009,Malta,9
1137,2009,Marokko,996
1138,2009,Mexiko,197
1139,2009,Montenegro (ab 03.06.2006),-21
1140,2009,Namibia,36
1141,2009,Neuseeland,55
1142,2009,Nicaragua,33
1143,2009,Niederlande,1906
1144,2009,Niger,-15
1145,2009,Nigeria,387
1146,2009,Nordmazedonien,264
1147,2009,Norwegen,-755
1148,2009,Pakistan,810
1149,2009,Paraguay,6
1150,2009,Peru,-5
1151,2009,Philippinen,379
1152,2009,Polen,371
1153,2009,Portugal,-1155
1154,2009,Ruanda,40
1155,2009,Rumänien,12431
1156,2009,Russische Föderation,2205
1157,2009,Saudi-Arabien,87
1158,2009,Schweden,-286
1159,2009,Schweiz,-1000
1160,2009,Senegal,41
1161,2009,Serbien,-5093
1162,2009,Singapur,-14
1163,2009,Slowakei,466
1164,2009,Slowenien,-378
1165,2009,Somalia,122
1166,2009,Spanien,929
1167,2009,Sudan (einschließlich Südsudan) (bis 08.07.2011),0
1168,2009,Sudan (ohne Südsudan) (ab 09.07.2011),0
1169,2009,Syrien,1624
1170,2009,Südafrika,-106
1171,2009,Südsudan (ab 09.07.2011),0
1172,2009,Tadschikistan,37
1173,2009,Tansania,6
1174,2009,Thailand,436
1175,2009,Tschechien,-163
1176,2009,Tunesien,167
1177,2009,Türkei,-8344
1178,2009,Uganda,46
1179,2009,Ukraine,1137
1180,2009,Unbekanntes Ausland,-1127
1181,2009,Ungarn,3175
1182,2009,Ungeklärt / Ohne Angabe,-65
1183,2009,Uruguay,-8
1184,2009,Usbekistan,155
1185,2009,"Venezuela, Bolivarische Republik",128
1186,2009,Vereinigte Arabische Emirate,509
1187,2009,Vereinigte Staaten,-3341
1188,2009,Vereinigtes Königreich,-527
1189,2009,Vietnam,611
1190,2009,Zentralafrikanische Republik,-20
1191,2009,Zypern,73
1192,2009,Ägypten,137
1193,2009,Äthiopien,188
1194,2009,Österreich,213
1195,2009,Übriges Afrika,727
1196,2009,Übriges Amerika,288
1197,2009,Übriges Asien,742
1198,2009,Übriges Europa,243
1199,2009,Übriges Ozeanien,-55
1200,2010,Afghanistan,5876
1201,2010,Albanien,87
1202,2010,Algerien,291
1203,2010,Andorra,-4
1204,2010,Angola,-17
1205,2010,Argentinien,222
1206,2010,Armenien,252
1207,2010,Aserbaidschan,256
1208,2010,Australien,227
1209,2010,Belarus,399
1210,2010,Belgien,757
1211,2010,"Bolivien, Plurinationaler Staat",-4
1212,2010,Bosnien und Herzegowina,116
1213,2010,Brasilien,1011
1214,2010,Bulgarien,15573
1215,2010,Chile,170
1216,2010,China,2193
1217,2010,Costa Rica,56
1218,2010,Cote d'Ivoire,58
1219,2010,Dänemark,248
1220,2010,Estland,421
1221,2010,Finnland,122
1222,2010,Frankreich,2010
1223,2010,Georgien,271
1224,2010,Ghana,269
1225,2010,Griechenland,1041
1226,2010,Honduras,23
1227,2010,Indien,2860
1228,2010,Indonesien,209
1229,2010,Irak,5834
1230,2010,"Iran, Islamische Republik",2798
1231,2010,Irland,336
1232,2010,Island,38
1233,2010,Israel,482
1234,2010,Italien,3058
1235,2010,Japan,-5
1236,2010,Jemen,96
1237,2010,Jordanien,134
1238,2010,Kamerun,619
1239,2010,Kanada,-12
1240,2010,Kasachstan,455
1241,2010,Kenia,724
1242,2010,Kirgisistan,274
1243,2010,Kolumbien,403
1244,2010,"Kongo, Demokratische Republik",-26
1245,2010,"Kongo, Republik",-17
1246,2010,"Korea, Demokratische Volksrepublik",-87
1247,2010,"Korea, Republik",316
1248,2010,Kosovo,3674
1249,2010,Kroatien,-909
1250,2010,Kuwait,33
1251,2010,Lettland,3493
1252,2010,Libanon,355
1253,2010,Libyen,289
1254,2010,Litauen,2405
1255,2010,Luxemburg,885
1256,2010,Malta,88
1257,2010,Marokko,971
1258,2010,Mexiko,588
1259,2010,Montenegro (ab 03.06.2006),159
1260,2010,Namibia,21
1261,2010,Neuseeland,105
1262,2010,Nicaragua,28
1263,2010,Niederlande,2278
1264,2010,Niger,18
1265,2010,Nigeria,734
1266,2010,Nordmazedonien,3673
1267,2010,Norwegen,-234
1268,2010,Pakistan,1461
1269,2010,Paraguay,34
1270,2010,Peru,176
1271,2010,Philippinen,626
1272,2010,Polen,20923
1273,2010,Portugal,-38
1274,2010,Ruanda,14
1275,2010,Rumänien,25621
1276,2010,Russische Föderation,4384
1277,2010,Saudi-Arabien,426
1278,2010,Schweden,167
1279,2010,Schweiz,-404
1280,2010,Senegal,59
1281,2010,Serbien,3582
1282,2010,Singapur,187
1283,2010,Slowakei,1261
1284,2010,Slowenien,219
1285,2010,Somalia,2039
1286,2010,Spanien,4241
1287,2010,Sudan (einschließlich Südsudan) (bis 08.07.2011),0
1288,2010,Sudan (ohne Südsudan) (ab 09.07.2011),0
1289,2010,Syrien,2195
1290,2010,Südafrika,100
1291,2010,Südsudan (ab 09.07.2011),0
1292,2010,Tadschikistan,106
1293,2010,Tansania,22
1294,2010,Thailand,626
1295,2010,Tschechien,1342
1296,2010,Tunesien,473
1297,2010,Türkei,-4347
1298,2010,Uganda,72
1299,2010,Ukraine,1919
1300,2010,Unbekanntes Ausland,-906
1301,2010,Ungarn,8795
1302,2010,Ungeklärt / Ohne Angabe,-14
1303,2010,Uruguay,-20
1304,2010,Usbekistan,281
1305,2010,"Venezuela, Bolivarische Republik",149
1306,2010,Vereinigte Arabische Emirate,248
1307,2010,Vereinigte Staaten,39
1308,2010,Vereinigtes Königreich,1410
1309,2010,Vietnam,862
1310,2010,Zentralafrikanische Republik,0
1311,2010,Zypern,90
1312,2010,Ägypten,343
1313,2010,Äthiopien,358
1314,2010,Österreich,2264
1315,2010,Übriges Afrika,1378
1316,2010,Übriges Amerika,520
1317,2010,Übriges Asien,1192
1318,2010,Übriges Europa,346
1319,2010,Übriges Ozeanien,37
1320,2011,Afghanistan,7800
1321,2011,Albanien,275
1322,2011,Algerien,322
1323,2011,Andorra,7
1324,2011,Angola,14
1325,2011,Argentinien,238
1326,2011,Armenien,423
1327,2011,Aserbaidschan,759
1328,2011,Australien,884
1329,2011,Belarus,652
1330,2011,Belgien,979
1331,2011,"Bolivien, Plurinationaler Staat",29
1332,2011,Bosnien und Herzegowina,669
1333,2011,Brasilien,1871
1334,2011,Bulgarien,22159
1335,2011,Chile,234
1336,2011,China,5083
1337,2011,Costa Rica,58
1338,2011,Cote d'Ivoire,169
1339,2011,Dänemark,672
1340,2011,Estland,668
1341,2011,Finnland,455
1342,2011,Frankreich,4140
1343,2011,Georgien,639
1344,2011,Ghana,483
1345,2011,Griechenland,13473
1346,2011,Honduras,76
1347,2011,Indien,4963
1348,2011,Indonesien,609
1349,2011,Irak,4253
1350,2011,"Iran, Islamische Republik",4712
1351,2011,Irland,923
1352,2011,Island,107
1353,2011,Israel,599
1354,2011,Italien,9779
1355,2011,Japan,1732
1356,2011,Jemen,120
1357,2011,Jordanien,374
1358,2011,Kamerun,911
1359,2011,Kanada,592
1360,2011,Kasachstan,611
1361,2011,Kenia,365
1362,2011,Kirgisistan,343
1363,2011,Kolumbien,808
1364,2011,"Kongo, Demokratische Republik",15
1365,2011,"Kongo, Republik",9
1366,2011,"Korea, Demokratische Volksrepublik",-56
1367,2011,"Korea, Republik",1012
1368,2011,Kosovo,3638
1369,2011,Kroatien,-373
1370,2011,Kuwait,68
1371,2011,Lettland,4980
1372,2011,Libanon,639
1373,2011,Libyen,345
1374,2011,Litauen,5115
1375,2011,Luxemburg,804
1376,2011,Malta,159
1377,2011,Marokko,1491
1378,2011,Mexiko,1195
1379,2011,Montenegro (ab 03.06.2006),183
1380,2011,Namibia,88
1381,2011,Neuseeland,213
1382,2011,Nicaragua,50
1383,2011,Niederlande,2812
1384,2011,Niger,12
1385,2011,Nigeria,768
1386,2011,Nordmazedonien,324
1387,2011,Norwegen,150
1388,2011,Pakistan,3440
1389,2011,Paraguay,61
1390,2011,Peru,211
1391,2011,Philippinen,605
1392,2011,Polen,64521
1393,2011,Portugal,2770
1394,2011,Ruanda,47
1395,2011,Rumänien,36028
1396,2011,Russische Föderation,6714
1397,2011,Saudi-Arabien,383
1398,2011,Schweden,606
1399,2011,Schweiz,282
1400,2011,Senegal,75
1401,2011,Serbien,573
1402,2011,Singapur,103
1403,2011,Slowakei,4295
1404,2011,Slowenien,1324
1405,2011,Somalia,395
1406,2011,Spanien,11350
1407,2011,Sudan (einschließlich Südsudan) (bis 08.07.2011),0
1408,2011,Sudan (ohne Südsudan) (ab 09.07.2011),0
1409,2011,Syrien,3592
1410,2011,Südafrika,301
1411,2011,Südsudan (ab 09.07.2011),0
1412,2011,Tadschikistan,131
1413,2011,Tansania,50
1414,2011,Thailand,996
1415,2011,Tschechien,4006
1416,2011,Tunesien,1153
1417,2011,Türkei,384
1418,2011,Uganda,121
1419,2011,Ukraine,3235
1420,2011,Unbekanntes Ausland,0
1421,2011,Ungarn,17030
1422,2011,Ungeklärt / Ohne Angabe,446
1423,2011,Uruguay,2
1424,2011,Usbekistan,288
1425,2011,"Venezuela, Bolivarische Republik",236
1426,2011,Vereinigte Arabische Emirate,225
1427,2011,Vereinigte Staaten,3622
1428,2011,Vereinigtes Königreich,3442
1429,2011,Vietnam,845
1430,2011,Zentralafrikanische Republik,-1
1431,2011,Zypern,227
1432,2011,Ägypten,621
1433,2011,Äthiopien,623
1434,2011,Österreich,3008
1435,2011,Übriges Afrika,1761
1436,2011,Übriges Amerika,1011
1437,2011,Übriges Asien,2445
1438,2011,Übriges Europa,609
1439,2011,Übriges Ozeanien,-7
1440,2012,Afghanistan,6482
1441,2012,Albanien,639
1442,2012,Algerien,414
1443,2012,Andorra,7
1444,2012,Angola,109
1445,2012,Argentinien,271
1446,2012,Armenien,839
1447,2012,Aserbaidschan,665
1448,2012,Australien,675
1449,2012,Belarus,856
1450,2012,Belgien,1439
1451,2012,"Bolivien, Plurinationaler Staat",123
1452,2012,Bosnien und Herzegowina,2287
1453,2012,Brasilien,1655
1454,2012,Bulgarien,25044
1455,2012,Chile,163
1456,2012,China,7088
1457,2012,Costa Rica,104
1458,2012,Cote d'Ivoire,114
1459,2012,Dänemark,788
1460,2012,Estland,522
1461,2012,Finnland,523
1462,2012,Frankreich,5123
1463,2012,Georgien,1410
1464,2012,Ghana,532
1465,2012,Griechenland,21970
1466,2012,Honduras,63
1467,2012,Indien,6241
1468,2012,Indonesien,976
1469,2012,Irak,3157
1470,2012,"Iran, Islamische Republik",5515
1471,2012,Irland,959
1472,2012,Island,50
1473,2012,Israel,797
1474,2012,Italien,21270
1475,2012,Japan,1083
1476,2012,Jemen,79
1477,2012,Jordanien,564
1478,2012,Kamerun,1085
1479,2012,Kanada,767
1480,2012,Kasachstan,688
1481,2012,Kenia,582
1482,2012,Kirgisistan,166
1483,2012,Kolumbien,899
1484,2012,"Kongo, Demokratische Republik",94
1485,2012,"Kongo, Republik",-24
1486,2012,"Korea, Demokratische Volksrepublik",-7
1487,2012,"Korea, Republik",1129
1488,2012,Kosovo,4086
1489,2012,Kroatien,1095
1490,2012,Kuwait,121
1491,2012,Lettland,3711
1492,2012,Libanon,708
1493,2012,Libyen,980
1494,2012,Litauen,4803
1495,2012,Luxemburg,873
1496,2012,Malta,35
1497,2012,Marokko,1700
1498,2012,Mexiko,1167
1499,2012,Montenegro (ab 03.06.2006),366
1500,2012,Namibia,40
1501,2012,Neuseeland,185
1502,2012,Nicaragua,25
1503,2012,Niederlande,2842
1504,2012,Niger,48
1505,2012,Nigeria,506
1506,2012,Nordmazedonien,4958
1507,2012,Norwegen,178
1508,2012,Pakistan,4034
1509,2012,Paraguay,57
1510,2012,Peru,259
1511,2012,Philippinen,698
1512,2012,Polen,68122
1513,2012,Portugal,6286
1514,2012,Ruanda,73
1515,2012,Rumänien,45684
1516,2012,Russische Föderation,8785
1517,2012,Saudi-Arabien,485
1518,2012,Schweden,829
1519,2012,Schweiz,738
1520,2012,Senegal,123
1521,2012,Serbien,4666
1522,2012,Singapur,125
1523,2012,Slowakei,5133
1524,2012,Slowenien,2599
1525,2012,Somalia,729
1526,2012,Spanien,18763
1527,2012,Sudan (einschließlich Südsudan) (bis 08.07.2011),0
1528,2012,Sudan (ohne Südsudan) (ab 09.07.2011),0
1529,2012,Syrien,7181
1530,2012,Südafrika,304
1531,2012,Südsudan (ab 09.07.2011),0
1532,2012,Tadschikistan,56
1533,2012,Tansania,40
1534,2012,Thailand,1129
1535,2012,Tschechien,4502
1536,2012,Tunesien,1491
1537,2012,Türkei,-1915
1538,2012,Uganda,101
1539,2012,Ukraine,3777
1540,2012,Unbekanntes Ausland,0
1541,2012,Ungarn,26165
1542,2012,Ungeklärt / Ohne Angabe,-758
1543,2012,Uruguay,33
1544,2012,Usbekistan,127
1545,2012,"Venezuela, Bolivarische Republik",277
1546,2012,Vereinigte Arabische Emirate,544
1547,2012,Vereinigte Staaten,3767
1548,2012,Vereinigtes Königreich,4457
1549,2012,Vietnam,1054
1550,2012,Zentralafrikanische Republik,5
1551,2012,Zypern,418
1552,2012,Ägypten,1286
1553,2012,Äthiopien,590
1554,2012,Österreich,2616
1555,2012,Übriges Afrika,2456
1556,2012,Übriges Amerika,1061
1557,2012,Übriges Asien,2975
1558,2012,Übriges Europa,851
1559,2012,Übriges Ozeanien,-31
1560,2013,Afghanistan,6985
1561,2013,Albanien,1752
1562,2013,Algerien,1043
1563,2013,Andorra,10
1564,2013,Angola,-2
1565,2013,Argentinien,414
1566,2013,Armenien,1377
1567,2013,Aserbaidschan,994
1568,2013,Australien,902
1569,2013,Belarus,808
1570,2013,Belgien,1022
1571,2013,"Bolivien, Plurinationaler Staat",51
1572,2013,Bosnien und Herzegowina,3463
1573,2013,Brasilien,2002
1574,2013,Bulgarien,20689
1575,2013,Chile,178
1576,2013,China,7172
1577,2013,Costa Rica,80
1578,2013,Cote d'Ivoire,316
1579,2013,Dänemark,841
1580,2013,Estland,572
1581,2013,Finnland,596
1582,2013,Frankreich,5740
1583,2013,Georgien,1996
1584,2013,Ghana,818
1585,2013,Griechenland,19917
1586,2013,Honduras,63
1587,2013,Indien,6321
1588,2013,Indonesien,1181
1589,2013,Irak,2141
1590,2013,"Iran, Islamische Republik",5174
1591,2013,Irland,844
1592,2013,Island,40
1593,2013,Israel,839
1594,2013,Italien,32232
1595,2013,Japan,635
1596,2013,Jemen,212
1597,2013,Jordanien,579
1598,2013,Kamerun,1339
1599,2013,Kanada,684
1600,2013,Kasachstan,900
1601,2013,Kenia,487
1602,2013,Kirgisistan,218
1603,2013,Kolumbien,857
1604,2013,"Kongo, Demokratische Republik",69
1605,2013,"Kongo, Republik",4
1606,2013,"Korea, Demokratische Volksrepublik",37
1607,2013,"Korea, Republik",1115
1608,2013,Kosovo,5168
1609,2013,Kroatien,12547
1610,2013,Kuwait,210
1611,2013,Lettland,2930
1612,2013,Libanon,1050
1613,2013,Libyen,2659
1614,2013,Litauen,3246
1615,2013,Luxemburg,969
1616,2013,Malta,53
1617,2013,Marokko,2178
1618,2013,Mexiko,1059
1619,2013,Montenegro (ab 03.06.2006),89
1620,2013,Namibia,28
1621,2013,Neuseeland,129
1622,2013,Nicaragua,42
1623,2013,Niederlande,3695
1624,2013,Niger,110
1625,2013,Nigeria,1638
1626,2013,Nordmazedonien,5029
1627,2013,Norwegen,292
1628,2013,Pakistan,4948
1629,2013,Paraguay,37
1630,2013,Peru,268
1631,2013,Philippinen,650
1632,2013,Polen,70326
1633,2013,Portugal,6718
1634,2013,Ruanda,61
1635,2013,Rumänien,49440
1636,2013,Russische Föderation,17424
1637,2013,Saudi-Arabien,805
1638,2013,Schweden,823
1639,2013,Schweiz,552
1640,2013,Senegal,584
1641,2013,Serbien,6923
1642,2013,Singapur,157
1643,2013,Slowakei,4994
1644,2013,Slowenien,3046
1645,2013,Somalia,3605
1646,2013,Spanien,22162
1647,2013,Sudan (einschließlich Südsudan) (bis 08.07.2011),0
1648,2013,Sudan (ohne Südsudan) (ab 09.07.2011),0
1649,2013,Syrien,16704
1650,2013,Südafrika,299
1651,2013,Südsudan (ab 09.07.2011),0
1652,2013,Tadschikistan,202
1653,2013,Tansania,96
1654,2013,Thailand,1053
1655,2013,Tschechien,4431
1656,2013,Tunesien,1973
1657,2013,Türkei,-4752
1658,2013,Uganda,92
1659,2013,Ukraine,3700
1660,2013,Unbekanntes Ausland,0
1661,2013,Ungarn,24355
1662,2013,Ungeklärt / Ohne Angabe,-163
1663,2013,Uruguay,48
1664,2013,Usbekistan,91
1665,2013,"Venezuela, Bolivarische Republik",288
1666,2013,Vereinigte Arabische Emirate,578
1667,2013,Vereinigte Staaten,2551
1668,2013,Vereinigtes Königreich,3832
1669,2013,Vietnam,1042
1670,2013,Zentralafrikanische Republik,8
1671,2013,Zypern,682
1672,2013,Ägypten,3518
1673,2013,Äthiopien,745
1674,2013,Österreich,2641
1675,2013,Übriges Afrika,7785
1676,2013,Übriges Amerika,945
1677,2013,Übriges Asien,4217
1678,2013,Übriges Europa,1164
1679,2013,Übriges Ozeanien,-12
1680,2014,Afghanistan,10480
1681,2014,Albanien,10215
1682,2014,Algerien,1910
1683,2014,Andorra,0
1684,2014,Angola,-108
1685,2014,Argentinien,401
1686,2014,Armenien,2276
1687,2014,Aserbaidschan,1342
1688,2014,Australien,751
1689,2014,Belarus,850
1690,2014,Belgien,943
1691,2014,"Bolivien, Plurinationaler Staat",95
1692,2014,Bosnien und Herzegowina,7405
1693,2014,Brasilien,3096
1694,2014,Bulgarien,33285
1695,2014,Chile,280
1696,2014,China,8925
1697,2014,Costa Rica,109
1698,2014,Cote d'Ivoire,233
1699,2014,Dänemark,269
1700,2014,Estland,254
1701,2014,Finnland,283
1702,2014,Frankreich,4146
1703,2014,Georgien,2262
1704,2014,Ghana,1449
1705,2014,Griechenland,14239
1706,2014,Honduras,47
1707,2014,Indien,8524
1708,2014,Indonesien,927
1709,2014,Irak,4693
1710,2014,"Iran, Islamische Republik",4528
1711,2014,Irland,779
1712,2014,Island,86
1713,2014,Israel,1026
1714,2014,Italien,36556
1715,2014,Japan,437
1716,2014,Jemen,353
1717,2014,Jordanien,791
1718,2014,Kamerun,1678
1719,2014,Kanada,701
1720,2014,Kasachstan,1388
1721,2014,Kenia,450
1722,2014,Kirgisistan,199
1723,2014,Kolumbien,743
1724,2014,"Kongo, Demokratische Republik",26
1725,2014,"Kongo, Republik",45
1726,2014,"Korea, Demokratische Volksrepublik",-9
1727,2014,"Korea, Republik",1568
1728,2014,Kosovo,14259
1729,2014,Kroatien,26983
1730,2014,Kuwait,804
1731,2014,Lettland,1624
1732,2014,Libanon,3067
1733,2014,Libyen,2248
1734,2014,Litauen,2221
1735,2014,Luxemburg,1024
1736,2014,Malta,21
1737,2014,Marokko,2456
1738,2014,Mexiko,2031
1739,2014,Montenegro (ab 03.06.2006),1468
1740,2014,Namibia,18
1741,2014,Neuseeland,128
1742,2014,Nicaragua,47
1743,2014,Niederlande,3167
1744,2014,Niger,102
1745,2014,Nigeria,3780
1746,2014,Nordmazedonien,5383
1747,2014,Norwegen,140
1748,2014,Pakistan,5871
1749,2014,Paraguay,85
1750,2014,Peru,265
1751,2014,Philippinen,730
1752,2014,Polen,58500
1753,2014,Portugal,3355
1754,2014,Ruanda,73
1755,2014,Rumänien,75040
1756,2014,Russische Föderation,6939
1757,2014,Saudi-Arabien,865
1758,2014,Schweden,556
1759,2014,Schweiz,462
1760,2014,Senegal,685
1761,2014,Serbien,15603
1762,2014,Singapur,264
1763,2014,Slowakei,4164
1764,2014,Slowenien,2899
1765,2014,Somalia,5182
1766,2014,Spanien,16380
1767,2014,Sudan (einschließlich Südsudan) (bis 08.07.2011),0
1768,2014,Sudan (ohne Südsudan) (ab 09.07.2011),0
1769,2014,Syrien,61982
1770,2014,Südafrika,298
1771,2014,Südsudan (ab 09.07.2011),0
1772,2014,Tadschikistan,463
1773,2014,Tansania,75
1774,2014,Thailand,806
1775,2014,Tschechien,4294
1776,2014,Tunesien,2658
1777,2014,Türkei,-1646
1778,2014,Uganda,106
1779,2014,Ukraine,8522
1780,2014,Unbekanntes Ausland,1209
1781,2014,Ungarn,16508
1782,2014,Ungeklärt / Ohne Angabe,-237
1783,2014,Uruguay,17
1784,2014,Usbekistan,129
1785,2014,"Venezuela, Bolivarische Republik",429
1786,2014,Vereinigte Arabische Emirate,1087
1787,2014,Vereinigte Staaten,1981
1788,2014,Vereinigtes Königreich,2146
1789,2014,Vietnam,1811
1790,2014,Zentralafrikanische Republik,55
1791,2014,Zypern,584
1792,2014,Ägypten,2734
1793,2014,Äthiopien,1119
1794,2014,Österreich,1635
1795,2014,Übriges Afrika,19734
1796,2014,Übriges Amerika,750
1797,2014,Übriges Asien,5457
1798,2014,Übriges Europa,2400
1799,2014,Übriges Ozeanien,3
1800,2015,Afghanistan,89773
1801,2015,Albanien,46995
1802,2015,Algerien,7009
1803,2015,Andorra,4
1804,2015,Angola,2
1805,2015,Argentinien,452
1806,2015,Armenien,3582
1807,2015,Aserbaidschan,2475
1808,2015,Australien,1170
1809,2015,Belarus,1205
1810,2015,Belgien,1092
1811,2015,"Bolivien, Plurinationaler Staat",112
1812,2015,Bosnien und Herzegowina,7063
1813,2015,Brasilien,1630
1814,2015,Bulgarien,37828
1815,2015,Chile,560
1816,2015,China,10053
1817,2015,Costa Rica,130
1818,2015,Cote d'Ivoire,962
1819,2015,Dänemark,35
1820,2015,Estland,237
1821,2015,Finnland,430
1822,2015,Frankreich,2949
1823,2015,Georgien,3357
1824,2015,Ghana,2874
1825,2015,Griechenland,15294
1826,2015,Honduras,116
1827,2015,Indien,10146
1828,2015,Indonesien,764
1829,2015,Irak,66960
1830,2015,"Iran, Islamische Republik",16213
1831,2015,Irland,738
1832,2015,Island,121
1833,2015,Israel,1163
1834,2015,Italien,35567
1835,2015,Japan,745
1836,2015,Jemen,730
1837,2015,Jordanien,1363
1838,2015,Kamerun,2068
1839,2015,Kanada,807
1840,2015,Kasachstan,1028
1841,2015,Kenia,458
1842,2015,Kirgisistan,243
1843,2015,Kolumbien,922
1844,2015,"Kongo, Demokratische Republik",118
1845,2015,"Kongo, Republik",120
1846,2015,"Korea, Demokratische Volksrepublik",13
1847,2015,"Korea, Republik",1972
1848,2015,Kosovo,20097
1849,2015,Kroatien,36767
1850,2015,Kuwait,908
1851,2015,Lettland,1742
1852,2015,Libanon,7008
1853,2015,Libyen,745
1854,2015,Litauen,3926
1855,2015,Luxemburg,1414
1856,2015,Malta,33
1857,2015,Marokko,5927
1858,2015,Mexiko,494
1859,2015,Montenegro (ab 03.06.2006),3221
1860,2015,Namibia,51
1861,2015,Neuseeland,254
1862,2015,Nicaragua,56
1863,2015,Niederlande,2665
1864,2015,Niger,163
1865,2015,Nigeria,8925
1866,2015,Nordmazedonien,12388
1867,2015,Norwegen,310
1868,2015,Pakistan,21433
1869,2015,Paraguay,41
1870,2015,Peru,350
1871,2015,Philippinen,649
1872,2015,Polen,62917
1873,2015,Portugal,2559
1874,2015,Ruanda,51
1875,2015,Rumänien,86248
1876,2015,Russische Föderation,10964
1877,2015,Saudi-Arabien,1268
1878,2015,Schweden,362
1879,2015,Schweiz,626
1880,2015,Senegal,1665
1881,2015,Serbien,8216
1882,2015,Singapur,215
1883,2015,Slowakei,4061
1884,2015,Slowenien,3263
1885,2015,Somalia,7987
1886,2015,Spanien,11383
1887,2015,Sudan (einschließlich Südsudan) (bis 08.07.2011),0
1888,2015,Sudan (ohne Südsudan) (ab 09.07.2011),0
1889,2015,Syrien,316313
1890,2015,Südafrika,431
1891,2015,Südsudan (ab 09.07.2011),0
1892,2015,Tadschikistan,847
1893,2015,Tansania,129
1894,2015,Thailand,1026
1895,2015,Tschechien,4870
1896,2015,Tunesien,2856
1897,2015,Türkei,4162
1898,2015,Uganda,197
1899,2015,Ukraine,10217
1900,2015,Unbekanntes Ausland,16637
1901,2015,Ungarn,18377
1902,2015,Ungeklärt / Ohne Angabe,1508
1903,2015,Uruguay,49
1904,2015,Usbekistan,277
1905,2015,"Venezuela, Bolivarische Republik",589
1906,2015,Vereinigte Arabische Emirate,1645
1907,2015,Vereinigte Staaten,3239
1908,2015,Vereinigtes Königreich,2344
1909,2015,Vietnam,2646
1910,2015,Zentralafrikanische Republik,52
1911,2015,Zypern,505
1912,2015,Ägypten,3986
1913,2015,Äthiopien,2804
1914,2015,Österreich,3812
1915,2015,Übriges Afrika,31821
1916,2015,Übriges Amerika,1019
1917,2015,Übriges Asien,9155
1918,2015,Übriges Europa,4462
1919,2015,Übriges Ozeanien,-13
1920,2016,Afghanistan,67395
1921,2016,Albanien,-26718
1922,2016,Algerien,-2838
1923,2016,Andorra,0
1924,2016,Angola,53
1925,2016,Argentinien,536
1926,2016,Armenien,3012
1927,2016,Aserbaidschan,2570
1928,2016,Australien,1058
1929,2016,Belarus,1126
1930,2016,Belgien,1087
1931,2016,"Bolivien, Plurinationaler Staat",80
1932,2016,Bosnien und Herzegowina,7678
1933,2016,Brasilien,2308
1934,2016,Bulgarien,26393
1935,2016,Chile,641
1936,2016,China,9829
1937,2016,Costa Rica,142
1938,2016,Cote d'Ivoire,1127
1939,2016,Dänemark,469
1940,2016,Estland,245
1941,2016,Finnland,531
1942,2016,Frankreich,4205
1943,2016,Georgien,364
1944,2016,Ghana,1083
1945,2016,Griechenland,12385
1946,2016,Honduras,105
1947,2016,Indien,9684
1948,2016,Indonesien,997
1949,2016,Irak,60949
1950,2016,"Iran, Islamische Republik",18403
1951,2016,Irland,674
1952,2016,Island,27
1953,2016,Israel,833
1954,2016,Italien,24182
1955,2016,Japan,528
1956,2016,Jemen,514
1957,2016,Jordanien,2191
1958,2016,Kamerun,1388
1959,2016,Kanada,609
1960,2016,Kasachstan,1527
1961,2016,Kenia,490
1962,2016,Kirgisistan,192
1963,2016,Kolumbien,1238
1964,2016,"Kongo, Demokratische Republik",103
1965,2016,"Kongo, Republik",5
1966,2016,"Korea, Demokratische Volksrepublik",-47
1967,2016,"Korea, Republik",2081
1968,2016,Kosovo,-7410
1969,2016,Kroatien,31875
1970,2016,Kuwait,76
1971,2016,Lettland,1503
1972,2016,Libanon,3695
1973,2016,Libyen,977
1974,2016,Litauen,2869
1975,2016,Luxemburg,1420
1976,2016,Malta,26
1977,2016,Marokko,7
1978,2016,Mexiko,1304
1979,2016,Montenegro (ab 03.06.2006),-1990
1980,2016,Namibia,48
1981,2016,Neuseeland,196
1982,2016,Nicaragua,77
1983,2016,Niederlande,2260
1984,2016,Niger,47
1985,2016,Nigeria,7694
1986,2016,Nordmazedonien,-3701
1987,2016,Norwegen,275
1988,2016,Pakistan,8748
1989,2016,Paraguay,120
1990,2016,Peru,519
1991,2016,Philippinen,1246
1992,2016,Polen,27630
1993,2016,Portugal,1581
1994,2016,Ruanda,120
1995,2016,Rumänien,56518
1996,2016,Russische Föderation,11002
1997,2016,Saudi-Arabien,-215
1998,2016,Schweden,431
1999,2016,Schweiz,150
2000,2016,Senegal,-120
2001,2016,Serbien,-8418
2002,2016,Singapur,130
2003,2016,Slowakei,1956
2004,2016,Slowenien,1748
2005,2016,Somalia,6872
2006,2016,Spanien,8372
2007,2016,Sudan (einschließlich Südsudan) (bis 08.07.2011),0
2008,2016,Sudan (ohne Südsudan) (ab 09.07.2011),0
2009,2016,Syrien,153083
2010,2016,Südafrika,608
2011,2016,Südsudan (ab 09.07.2011),0
2012,2016,Tadschikistan,1100
2013,2016,Tansania,187
2014,2016,Thailand,1269
2015,2016,Tschechien,2815
2016,2016,Tunesien,2190
2017,2016,Türkei,12140
2018,2016,Uganda,270
2019,2016,Ukraine,6331
2020,2016,Unbekanntes Ausland,104064
2021,2016,Ungarn,9067
2022,2016,Ungeklärt / Ohne Angabe,-109264
2023,2016,Uruguay,67
2024,2016,Usbekistan,312
2025,2016,"Venezuela, Bolivarische Republik",736
2026,2016,Vereinigte Arabische Emirate,1352
2027,2016,Vereinigte Staaten,1871
2028,2016,Vereinigtes Königreich,3597
2029,2016,Vietnam,3169
2030,2016,Zentralafrikanische Republik,18
2031,2016,Zypern,511
2032,2016,Ägypten,3922
2033,2016,Äthiopien,2500
2034,2016,Österreich,4184
2035,2016,Übriges Afrika,19644
2036,2016,Übriges Amerika,1135
2037,2016,Übriges Asien,3404
2038,2016,Übriges Europa,3970
2039,2016,Übriges Ozeanien,-16
2040,2017,Afghanistan,6950
2041,2017,Albanien,-4344
2042,2017,Algerien,-1264
2043,2017,Andorra,9
2044,2017,Angola,100
2045,2017,Argentinien,1026
2046,2017,Armenien,774
2047,2017,Aserbaidschan,1461
2048,2017,Australien,790
2049,2017,Belarus,957
2050,2017,Belgien,1153
2051,2017,"Bolivien, Plurinationaler Staat",152
2052,2017,Bosnien und Herzegowina,13978
2053,2017,Brasilien,4753
2054,2017,Bulgarien,29149
2055,2017,Chile,868
2056,2017,China,9658
2057,2017,Costa Rica,130
2058,2017,Cote d'Ivoire,60
2059,2017,Dänemark,202
2060,2017,Estland,217
2061,2017,Finnland,346
2062,2017,Frankreich,3221
2063,2017,Georgien,189
2064,2017,Ghana,587
2065,2017,Griechenland,13061
2066,2017,Honduras,83
2067,2017,Indien,11828
2068,2017,Indonesien,1020
2069,2017,Irak,20390
2070,2017,"Iran, Islamische Republik",8404
2071,2017,Irland,907
2072,2017,Island,80
2073,2017,Israel,955
2074,2017,Italien,24208
2075,2017,Japan,896
2076,2017,Jemen,760
2077,2017,Jordanien,1667
2078,2017,Kamerun,940
2079,2017,Kanada,765
2080,2017,Kasachstan,1433
2081,2017,Kenia,561
2082,2017,Kirgisistan,390
2083,2017,Kolumbien,1663
2084,2017,"Kongo, Demokratische Republik",191
2085,2017,"Kongo, Republik",-1
2086,2017,"Korea, Demokratische Volksrepublik",48
2087,2017,"Korea, Republik",2608
2088,2017,Kosovo,6574
2089,2017,Kroatien,29200
2090,2017,Kuwait,-100
2091,2017,Lettland,2600
2092,2017,Libanon,3364
2093,2017,Libyen,941
2094,2017,Litauen,4134
2095,2017,Luxemburg,1228
2096,2017,Malta,91
2097,2017,Marokko,237
2098,2017,Mexiko,1810
2099,2017,Montenegro (ab 03.06.2006),361
2100,2017,Namibia,30
2101,2017,Neuseeland,278
2102,2017,Nicaragua,67
2103,2017,Niederlande,2018
2104,2017,Niger,-48
2105,2017,Nigeria,6390
2106,2017,Nordmazedonien,5146
2107,2017,Norwegen,184
2108,2017,Pakistan,4212
2109,2017,Paraguay,50
2110,2017,Peru,602
2111,2017,Philippinen,1414
2112,2017,Polen,34553
2113,2017,Portugal,1443
2114,2017,Ruanda,94
2115,2017,Rumänien,68291
2116,2017,Russische Föderation,5093
2117,2017,Saudi-Arabien,-144
2118,2017,Schweden,476
2119,2017,Schweiz,24
2120,2017,Senegal,-766
2121,2017,Serbien,6944
2122,2017,Singapur,285
2123,2017,Slowakei,2637
2124,2017,Slowenien,1672
2125,2017,Somalia,3573
2126,2017,Spanien,5849
2127,2017,Sudan (einschließlich Südsudan) (bis 08.07.2011),0
2128,2017,Sudan (ohne Südsudan) (ab 09.07.2011),0
2129,2017,Syrien,49077
2130,2017,Südafrika,777
2131,2017,Südsudan (ab 09.07.2011),0
2132,2017,Tadschikistan,674
2133,2017,Tansania,149
2134,2017,Thailand,1528
2135,2017,Tschechien,3561
2136,2017,Tunesien,2214
2137,2017,Türkei,21651
2138,2017,Uganda,244
2139,2017,Ukraine,5280
2140,2017,Unbekanntes Ausland,40623
2141,2017,Ungarn,9683
2142,2017,Ungeklärt / Ohne Angabe,-40465
2143,2017,Uruguay,85
2144,2017,Usbekistan,360
2145,2017,"Venezuela, Bolivarische Republik",1006
2146,2017,Vereinigte Arabische Emirate,753
2147,2017,Vereinigte Staaten,4709
2148,2017,Vereinigtes Königreich,5416
2149,2017,Vietnam,3119
2150,2017,Zentralafrikanische Republik,8
2151,2017,Zypern,496
2152,2017,Ägypten,3020
2153,2017,Äthiopien,398
2154,2017,Österreich,2573
2155,2017,Übriges Afrika,8454
2156,2017,Übriges Amerika,1319
2157,2017,Übriges Asien,3526
2158,2017,Übriges Europa,3512
2159,2017,Übriges Ozeanien,22
2160,2018,Afghanistan,6623
2161,2018,Albanien,4566
2162,2018,Algerien,-961
2163,2018,Andorra,12
2164,2018,Angola,71
2165,2018,Argentinien,1128
2166,2018,Armenien,-229
2167,2018,Aserbaidschan,805
2168,2018,Australien,805
2169,2018,Belarus,1067
2170,2018,Belgien,758
2171,2018,"Bolivien, Plurinationaler Staat",169
2172,2018,Bosnien und Herzegowina,14128
2173,2018,Brasilien,5346
2174,2018,Bulgarien,25313
2175,2018,Chile,815
2176,2018,China,7845
2177,2018,Costa Rica,144
2178,2018,Cote d'Ivoire,-120
2179,2018,Dänemark,296
2180,2018,Estland,189
2181,2018,Finnland,241
2182,2018,Frankreich,3726
2183,2018,Georgien,709
2184,2018,Ghana,499
2185,2018,Griechenland,11547
2186,2018,Honduras,133
2187,2018,Indien,14992
2188,2018,Indonesien,1376
2189,2018,Irak,13260
2190,2018,"Iran, Islamische Republik",12907
2191,2018,Irland,889
2192,2018,Island,10
2193,2018,Israel,847
2194,2018,Italien,23816
2195,2018,Japan,911
2196,2018,Jemen,928
2197,2018,Jordanien,1094
2198,2018,Kamerun,2144
2199,2018,Kanada,780
2200,2018,Kasachstan,1560
2201,2018,Kenia,541
2202,2018,Kirgisistan,501
2203,2018,Kolumbien,2033
2204,2018,"Kongo, Demokratische Republik",224
2205,2018,"Kongo, Republik",38
2206,2018,"Korea, Demokratische Volksrepublik",-21
2207,2018,"Korea, Republik",1913
2208,2018,Kosovo,9999
2209,2018,Kroatien,25291
2210,2018,Kuwait,210
2211,2018,Lettland,1984
2212,2018,Libanon,3113
2213,2018,Libyen,564
2214,2018,Litauen,4016
2215,2018,Luxemburg,1212
2216,2018,Malta,65
2217,2018,Marokko,1455
2218,2018,Mexiko,1946
2219,2018,Montenegro (ab 03.06.2006),766
2220,2018,Namibia,61
2221,2018,Neuseeland,106
2222,2018,Nicaragua,157
2223,2018,Niederlande,1190
2224,2018,Niger,236
2225,2018,Nigeria,8055
2226,2018,Nordmazedonien,7281
2227,2018,Norwegen,271
2228,2018,Pakistan,4369
2229,2018,Paraguay,87
2230,2018,Peru,710
2231,2018,Philippinen,1753
2232,2018,Polen,20866
2233,2018,Portugal,794
2234,2018,Ruanda,131
2235,2018,Rumänien,62480
2236,2018,Russische Föderation,5704
2237,2018,Saudi-Arabien,159
2238,2018,Schweden,571
2239,2018,Schweiz,-99
2240,2018,Senegal,-85
2241,2018,Serbien,9940
2242,2018,Singapur,321
2243,2018,Slowakei,1655
2244,2018,Slowenien,1424
2245,2018,Somalia,2602
2246,2018,Spanien,5720
2247,2018,Sudan (einschließlich Südsudan) (bis 08.07.2011),0
2248,2018,Sudan (ohne Südsudan) (ab 09.07.2011),0
2249,2018,Syrien,28775
2250,2018,Südafrika,863
2251,2018,Südsudan (ab 09.07.2011),0
2252,2018,Tadschikistan,127
2253,2018,Tansania,195
2254,2018,Thailand,1657
2255,2018,Tschechien,3152
2256,2018,Tunesien,2041
2257,2018,Türkei,18686
2258,2018,Uganda,308
2259,2018,Ukraine,6042
2260,2018,Unbekanntes Ausland,25791
2261,2018,Ungarn,5122
2262,2018,Ungeklärt / Ohne Angabe,-23838
2263,2018,Uruguay,147
2264,2018,Usbekistan,422
2265,2018,"Venezuela, Bolivarische Republik",1184
2266,2018,Vereinigte Arabische Emirate,81
2267,2018,Vereinigte Staaten,3859
2268,2018,Vereinigtes Königreich,5059
2269,2018,Vietnam,3973
2270,2018,Zentralafrikanische Republik,11
2271,2018,Zypern,264
2272,2018,Ägypten,3256
2273,2018,Äthiopien,516
2274,2018,Österreich,1999
2275,2018,Übriges Afrika,4918
2276,2018,Übriges Amerika,1486
2277,2018,Übriges Asien,3865
2278,2018,Übriges Europa,6568
2279,2018,Übriges Ozeanien,23
2280,2019,Afghanistan,6757
2281,2019,Albanien,8005
2282,2019,Algerien,279
2283,2019,Andorra,0
2284,2019,Angola,312
2285,2019,Argentinien,1584
2286,2019,Armenien,-535
2287,2019,Aserbaidschan,967
2288,2019,Australien,706
2289,2019,Belarus,1211
2290,2019,Belgien,742
2291,2019,"Bolivien, Plurinationaler Staat",195
2292,2019,Bosnien und Herzegowina,16307
2293,2019,Brasilien,4899
2294,2019,Bulgarien,20134
2295,2019,Chile,916
2296,2019,China,7240
2297,2019,Costa Rica,214
2298,2019,Cote d'Ivoire,-48
2299,2019,Dänemark,1
2300,2019,Estland,161
2301,2019,Finnland,-97
2302,2019,Frankreich,1277
2303,2019,Georgien,649
2304,2019,Ghana,1193
2305,2019,Griechenland,6596
2306,2019,Honduras,205
2307,2019,Indien,20010
2308,2019,Indonesien,1430
2309,2019,Irak,9282
2310,2019,"Iran, Islamische Republik",10268
2311,2019,Irland,730
2312,2019,Island,98
2313,2019,Israel,690
2314,2019,Italien,18025
2315,2019,Japan,876
2316,2019,Jemen,612
2317,2019,Jordanien,1727
2318,2019,Kamerun,2211
2319,2019,Kanada,724
2320,2019,Kasachstan,1568
2321,2019,Kenia,685
2322,2019,Kirgisistan,538
2323,2019,Kolumbien,2632
2324,2019,"Kongo, Demokratische Republik",114
2325,2019,"Kongo, Republik",19
2326,2019,"Korea, Demokratische Volksrepublik",10
2327,2019,"Korea, Republik",1918
2328,2019,Kosovo,13857
2329,2019,Kroatien,14984
2330,2019,Kuwait,-274
2331,2019,Lettland,1226
2332,2019,Libanon,3952
2333,2019,Libyen,521
2334,2019,Litauen,1784
2335,2019,Luxemburg,1043
2336,2019,Malta,141
2337,2019,Marokko,2706
2338,2019,Mexiko,1931
2339,2019,Montenegro (ab 03.06.2006),1286
2340,2019,Namibia,107
2341,2019,Neuseeland,270
2342,2019,Nicaragua,186
2343,2019,Niederlande,456
2344,2019,Niger,4
2345,2019,Nigeria,6868
2346,2019,Nordmazedonien,9626
2347,2019,Norwegen,238
2348,2019,Pakistan,4195
2349,2019,Paraguay,85
2350,2019,Peru,783
2351,2019,Philippinen,2689
2352,2019,Polen,2491
2353,2019,Portugal,-85
2354,2019,Ruanda,152
2355,2019,Rumänien,40454
2356,2019,Russische Föderation,7142
2357,2019,Saudi-Arabien,265
2358,2019,Schweden,276
2359,2019,Schweiz,-896
2360,2019,Senegal,118
2361,2019,Serbien,10477
2362,2019,Singapur,305
2363,2019,Slowakei,1343
2364,2019,Slowenien,1171
2365,2019,Somalia,1803
2366,2019,Spanien,4456
2367,2019,Sudan (einschließlich Südsudan) (bis 08.07.2011),0
2368,2019,Sudan (ohne Südsudan) (ab 09.07.2011),0
2369,2019,Syrien,23933
2370,2019,Südafrika,999
2371,2019,Südsudan (ab 09.07.2011),0
2372,2019,Tadschikistan,502
2373,2019,Tansania,218
2374,2019,Thailand,1569
2375,2019,Tschechien,2054
2376,2019,Tunesien,2220
2377,2019,Türkei,21249
2378,2019,Uganda,335
2379,2019,Ukraine,6529
2380,2019,Unbekanntes Ausland,14108
2381,2019,Ungarn,-1700
2382,2019,Ungeklärt / Ohne Angabe,-20467
2383,2019,Uruguay,144
2384,2019,Usbekistan,589
2385,2019,"Venezuela, Bolivarische Republik",1434
2386,2019,Vereinigte Arabische Emirate,867
2387,2019,Vereinigte Staaten,3618
2388,2019,Vereinigtes Königreich,4420
2389,2019,Vietnam,4146
2390,2019,Zentralafrikanische Republik,-10
2391,2019,Zypern,163
2392,2019,Ägypten,5019
2393,2019,Äthiopien,791
2394,2019,Österreich,870
2395,2019,Übriges Afrika,3904
2396,2019,Übriges Amerika,1605
2397,2019,Übriges Asien,4986
2398,2019,Übriges Europa,8385
2399,2019,Übriges Ozeanien,32
2400,2020,Afghanistan,8628
2401,2020,Albanien,5678
2402,2020,Algerien,922
2403,2020,Andorra,3
2404,2020,Angola,74
2405,2020,Argentinien,620
2406,2020,Armenien,-82
2407,2020,Aserbaidschan,424
2408,2020,Australien,-189
2409,2020,Belarus,989
2410,2020,Belgien,530
2411,2020,"Bolivien, Plurinationaler Staat",54
2412,2020,Bosnien und Herzegowina,8953
2413,2020,Brasilien,1933
2414,2020,Bulgarien,23010
2415,2020,Chile,383
2416,2020,China,-4832
2417,2020,Costa Rica,18
2418,2020,Cote d'Ivoire,-5
2419,2020,Dänemark,233
2420,2020,Estland,132
2421,2020,Finnland,-230
2422,2020,Frankreich,1987
2423,2020,Georgien,-238
2424,2020,Ghana,980
2425,2020,Griechenland,5945
2426,2020,Honduras,131
2427,2020,Indien,6175
2428,2020,Indonesien,746
2429,2020,Irak,6931
2430,2020,"Iran, Islamische Republik",5599
2431,2020,Irland,598
2432,2020,Island,58
2433,2020,Israel,406
2434,2020,Italien,11586
2435,2020,Japan,-2830
2436,2020,Jemen,0
2437,2020,Jordanien,686
2438,2020,Kamerun,397
2439,2020,Kanada,-24
2440,2020,Kasachstan,786
2441,2020,Kenia,455
2442,2020,Kirgisistan,179
2443,2020,Kolumbien,733
2444,2020,"Kongo, Demokratische Republik",112
2445,2020,"Kongo, Republik",0
2446,2020,"Korea, Demokratische Volksrepublik",-66
2447,2020,"Korea, Republik",-1782
2448,2020,Kosovo,9420
2449,2020,Kroatien,8199
2450,2020,Kuwait,0
2451,2020,Lettland,1370
2452,2020,Libanon,1828
2453,2020,Libyen,29
2454,2020,Litauen,605
2455,2020,Luxemburg,1964
2456,2020,Malta,202
2457,2020,Marokko,2327
2458,2020,Mexiko,326
2459,2020,Montenegro (ab 03.06.2006),873
2460,2020,Namibia,52
2461,2020,Neuseeland,-19
2462,2020,Nicaragua,62
2463,2020,Niederlande,851
2464,2020,Niger,16
2465,2020,Nigeria,1970
2466,2020,Nordmazedonien,5673
2467,2020,Norwegen,71
2468,2020,Pakistan,2610
2469,2020,Paraguay,0
2470,2020,Peru,351
2471,2020,Philippinen,2318
2472,2020,Polen,6941
2473,2020,Portugal,598
2474,2020,Ruanda,148
2475,2020,Rumänien,37022
2476,2020,Russische Föderation,3637
2477,2020,Saudi-Arabien,-197
2478,2020,Schweden,272
2479,2020,Schweiz,-531
2480,2020,Senegal,140
2481,2020,Serbien,7424
2482,2020,Singapur,296
2483,2020,Slowakei,610
2484,2020,Slowenien,1261
2485,2020,Somalia,1384
2486,2020,Spanien,7508
2487,2020,Sudan (einschließlich Südsudan) (bis 08.07.2011),0
2488,2020,Sudan (ohne Südsudan) (ab 09.07.2011),0
2489,2020,Syrien,18161
2490,2020,Südafrika,599
2491,2020,Südsudan (ab 09.07.2011),0
2492,2020,Tadschikistan,394
2493,2020,Tansania,97
2494,2020,Thailand,1218
2495,2020,Tschechien,1775
2496,2020,Tunesien,1861
2497,2020,Türkei,9484
2498,2020,Uganda,190
2499,2020,Ukraine,4092
2500,2020,Unbekanntes Ausland,9413
2501,2020,Ungarn,-694
2502,2020,Ungeklärt / Ohne Angabe,-17408
2503,2020,Uruguay,99
2504,2020,Usbekistan,256
2505,2020,"Venezuela, Bolivarische Republik",574
2506,2020,Vereinigte Arabische Emirate,772
2507,2020,Vereinigte Staaten,-549
2508,2020,Vereinigtes Königreich,6313
2509,2020,Vietnam,4185
2510,2020,Zentralafrikanische Republik,28
2511,2020,Zypern,267
2512,2020,Ägypten,1055
2513,2020,Äthiopien,106
2514,2020,Österreich,1442
2515,2020,Übriges Afrika,1757
2516,2020,Übriges Amerika,757
2517,2020,Übriges Asien,1493
2518,2020,Übriges Europa,6173
2519,2020,Übriges Ozeanien,-1
2520,2021,Afghanistan,31326
2521,2021,Albanien,8450
2522,2021,Algerien,1415
2523,2021,Andorra,-15
2524,2021,Angola,103
2525,2021,Argentinien,1558
2526,2021,Armenien,65
2527,2021,Aserbaidschan,568
2528,2021,Australien,-156
2529,2021,Belarus,1718
2530,2021,Belgien,822
2531,2021,"Bolivien, Plurinationaler Staat",240
2532,2021,Bosnien und Herzegowina,10691
2533,2021,Brasilien,3022
2534,2021,Bulgarien,18256
2535,2021,Chile,633
2536,2021,China,1305
2537,2021,Costa Rica,222
2538,2021,Cote d'Ivoire,233
2539,2021,Dänemark,-34
2540,2021,Estland,80
2541,2021,Finnland,-15
2542,2021,Frankreich,1298
2543,2021,Georgien,2202
2544,2021,Ghana,1276
2545,2021,Griechenland,6215
2546,2021,Honduras,260
2547,2021,Indien,21271
2548,2021,Indonesien,1134
2549,2021,Irak,15120
2550,2021,"Iran, Islamische Republik",9711
2551,2021,Irland,726
2552,2021,Island,55
2553,2021,Israel,502
2554,2021,Italien,8287
2555,2021,Japan,55
2556,2021,Jemen,909
2557,2021,Jordanien,1990
2558,2021,Kamerun,780
2559,2021,Kanada,138
2560,2021,Kasachstan,1107
2561,2021,Kenia,1525
2562,2021,Kirgisistan,802
2563,2021,Kolumbien,2323
2564,2021,"Kongo, Demokratische Republik",126
2565,2021,"Kongo, Republik",9
2566,2021,"Korea, Demokratische Volksrepublik",-17
2567,2021,"Korea, Republik",485
2568,2021,Kosovo,15918
2569,2021,Kroatien,4671
2570,2021,Kuwait,171
2571,2021,Lettland,810
2572,2021,Libanon,3919
2573,2021,Libyen,-195
2574,2021,Litauen,-188
2575,2021,Luxemburg,891
2576,2021,Malta,179
2577,2021,Marokko,5004
2578,2021,Mexiko,2317
2579,2021,Montenegro (ab 03.06.2006),994
2580,2021,Namibia,114
2581,2021,Neuseeland,-51
2582,2021,Nicaragua,97
2583,2021,Niederlande,1276
2584,2021,Niger,115
2585,2021,Nigeria,2056
2586,2021,Nordmazedonien,10811
2587,2021,Norwegen,249
2588,2021,Pakistan,5509
2589,2021,Paraguay,108
2590,2021,Peru,677
2591,2021,Philippinen,3377
2592,2021,Polen,6338
2593,2021,Portugal,757
2594,2021,Ruanda,356
2595,2021,Rumänien,35943
2596,2021,Russische Föderation,5341
2597,2021,Saudi-Arabien,186
2598,2021,Schweden,532
2599,2021,Schweiz,-1218
2600,2021,Senegal,26
2601,2021,Serbien,9854
2602,2021,Singapur,376
2603,2021,Slowakei,2324
2604,2021,Slowenien,1095
2605,2021,Somalia,2940
2606,2021,Spanien,9495
2607,2021,Sudan (einschließlich Südsudan) (bis 08.07.2011),0
2608,2021,Sudan (ohne Südsudan) (ab 09.07.2011),0
2609,2021,Syrien,41432
2610,2021,Südafrika,750
2611,2021,Südsudan (ab 09.07.2011),0
2612,2021,Tadschikistan,927
2613,2021,Tansania,116
2614,2021,Thailand,1384
2615,2021,Tschechien,2343
2616,2021,Tunesien,3678
2617,2021,Türkei,19497
2618,2021,Uganda,420
2619,2021,Ukraine,5814
2620,2021,Unbekanntes Ausland,15785
2621,2021,Ungarn,1697
2622,2021,Ungeklärt / Ohne Angabe,-20862
2623,2021,Uruguay,75
2624,2021,Usbekistan,585
2625,2021,"Venezuela, Bolivarische Republik",1037
2626,2021,Vereinigte Arabische Emirate,1260
2627,2021,Vereinigte Staaten,2497
2628,2021,Vereinigtes Königreich,-1754
2629,2021,Vietnam,4480
2630,2021,Zentralafrikanische Republik,0
2631,2021,Zypern,203
2632,2021,Ägypten,4340
2633,2021,Äthiopien,550
2634,2021,Österreich,-650
2635,2021,Übriges Afrika,2686
2636,2021,Übriges Amerika,1700
2637,2021,Übriges Asien,3994
2638,2021,Übriges Europa,7425
2639,2021,Übriges Ozeanien,-17
2640,2022,Afghanistan,54622
2641,2022,Albanien,12833
2642,2022,Algerien,1159
2643,2022,Andorra,-4
2644,2022,Angola,223
2645,2022,Argentinien,2503
2646,2022,Armenien,1319
2647,2022,Aserbaidschan,2814
2648,2022,Australien,43
2649,2022,Belarus,2401
2650,2022,Belgien,584
2651,2022,"Bolivien, Plurinationaler Staat",231
2652,2022,Bosnien und Herzegowina,11576
2653,2022,Brasilien,6095
2654,2022,Bulgarien,14039
2655,2022,Chile,1090
2656,2022,China,3435
2657,2022,Costa Rica,222
2658,2022,Cote d'Ivoire,289
2659,2022,Dänemark,-165
2660,2022,Estland,262
2661,2022,Finnland,410
2662,2022,Frankreich,2386
2663,2022,Georgien,5846
2664,2022,Ghana,2016
2665,2022,Griechenland,5971
2666,2022,Honduras,350
2667,2022,Indien,38331
2668,2022,Indonesien,2102
2669,2022,Irak,12273
2670,2022,"Iran, Islamische Republik",18181
2671,2022,Irland,655
2672,2022,Island,6
2673,2022,Israel,987
2674,2022,Italien,10037
2675,2022,Japan,1341
2676,2022,Jemen,1341
2677,2022,Jordanien,2052
2678,2022,Kamerun,1796
2679,2022,Kanada,-1668
2680,2022,Kasachstan,1453
2681,2022,Kenia,1475
2682,2022,Kirgisistan,1165
2683,2022,Kolumbien,4216
2684,2022,"Kongo, Demokratische Republik",388
2685,2022,"Kongo, Republik",85
2686,2022,"Korea, Demokratische Volksrepublik",12
2687,2022,"Korea, Republik",2225
2688,2022,Kosovo,16205
2689,2022,Kroatien,2143
2690,2022,Kuwait,186
2691,2022,Lettland,1345
2692,2022,Libanon,5195
2693,2022,Libyen,799
2694,2022,Litauen,266
2695,2022,Luxemburg,939
2696,2022,Malta,233
2697,2022,Marokko,5604
2698,2022,Mexiko,2938
2699,2022,Montenegro (ab 03.06.2006),1133
2700,2022,Namibia,169
2701,2022,Neuseeland,48
2702,2022,Nicaragua,286
2703,2022,Niederlande,1078
2704,2022,Niger,35
2705,2022,Nigeria,3457
2706,2022,Nordmazedonien,12833
2707,2022,Norwegen,-68
2708,2022,Pakistan,8125
2709,2022,Paraguay,143
2710,2022,Peru,1099
2711,2022,Philippinen,3791
2712,2022,Polen,20088
2713,2022,Portugal,1628
2714,2022,Ruanda,540
2715,2022,Rumänien,35990
2716,2022,Russische Föderation,19430
2717,2022,Saudi-Arabien,197
2718,2022,Schweden,1841
2719,2022,Schweiz,-3462
2720,2022,Senegal,157
2721,2022,Serbien,10624
2722,2022,Singapur,487
2723,2022,Slowakei,2542
2724,2022,Slowenien,1132
2725,2022,Somalia,2611
2726,2022,Spanien,8588
2727,2022,Sudan (einschließlich Südsudan) (bis 08.07.2011),0
2728,2022,Sudan (ohne Südsudan) (ab 09.07.2011),0
2729,2022,Syrien,67501
2730,2022,Südafrika,1222
2731,2022,Südsudan (ab 09.07.2011),0
2732,2022,Tadschikistan,1774
2733,2022,Tansania,262
2734,2022,Thailand,1585
2735,2022,Tschechien,2616
2736,2022,Tunesien,5986
2737,2022,Türkei,49052
2738,2022,Uganda,737
2739,2022,Ukraine,957701
2740,2022,Unbekanntes Ausland,35779
2741,2022,Ungarn,4463
2742,2022,Ungeklärt / Ohne Angabe,-24411
2743,2022,Uruguay,124
2744,2022,Usbekistan,1101
2745,2022,"Venezuela, Bolivarische Republik",2301
2746,2022,Vereinigte Arabische Emirate,1315
2747,2022,Vereinigte Staaten,-1991
2748,2022,Vereinigtes Königreich,-915
2749,2022,Vietnam,6599
2750,2022,Zentralafrikanische Republik,24
2751,2022,Zypern,266
2752,2022,Ägypten,5609
2753,2022,Äthiopien,1472
2754,2022,Österreich,-236
2755,2022,Übriges Afrika,6973
2756,2022,Übriges Amerika,2211
2757,2022,Übriges Asien,6524
2758,2022,Übriges Europa,8485
2759,2022,Übriges Ozeanien,-4
2760,2023,Afghanistan,48020
2761,2023,Albanien,11971
2762,2023,Algerien,2242
2763,2023,Andorra,0
2764,2023,Angola,585
2765,2023,Argentinien,1345
2766,2023,Armenien,2208
2767,2023,Aserbaidschan,2868
2768,2023,Australien,489
2769,2023,Belarus,1449
2770,2023,Belgien,657
2771,2023,"Bolivien, Plurinationaler Staat",197
2772,2023,Bosnien und Herzegowina,11104
2773,2023,Brasilien,3806
2774,2023,Bulgarien,1456
2775,2023,Chile,1146
2776,2023,China,8555
2777,2023,Costa Rica,194
2778,2023,Cote d'Ivoire,1371
2779,2023,Dänemark,-359
2780,2023,Estland,200
2781,2023,Finnland,438
2782,2023,Frankreich,2392
2783,2023,Georgien,2415
2784,2023,Ghana,2376
2785,2023,Griechenland,3194
2786,2023,Honduras,379
2787,2023,Indien,36603
2788,2023,Indonesien,2463
2789,2023,Irak,9959
2790,2023,"Iran, Islamische Republik",19814
2791,2023,Irland,622
2792,2023,Island,-2
2793,2023,Israel,1841
2794,2023,Italien,10422
2795,2023,Japan,1378
2796,2023,Jemen,1780
2797,2023,Jordanien,1836
2798,2023,Kamerun,3668
2799,2023,Kanada,-1380
2800,2023,Kasachstan,1129
2801,2023,Kenia,1580
2802,2023,Kirgisistan,1011
2803,2023,Kolumbien,5554
2804,2023,"Kongo, Demokratische Republik",585
2805,2023,"Kongo, Republik",80
2806,2023,"Korea, Demokratische Volksrepublik",-2
2807,2023,"Korea, Republik",1752
2808,2023,Kosovo,16290
2809,2023,Kroatien,-2252
2810,2023,Kuwait,308
2811,2023,Lettland,1066
2812,2023,Libanon,4754
2813,2023,Libyen,588
2814,2023,Litauen,168
2815,2023,Luxemburg,751
2816,2023,Malta,265
2817,2023,Marokko,7572
2818,2023,Mexiko,2536
2819,2023,Montenegro (ab 03.06.2006),1132
2820,2023,Namibia,232
2821,2023,Neuseeland,93
2822,2023,Nicaragua,159
2823,2023,Niederlande,1663
2824,2023,Niger,262
2825,2023,Nigeria,3117
2826,2023,Nordmazedonien,10359
2827,2023,Norwegen,-23
2828,2023,Pakistan,10214
2829,2023,Paraguay,137
2830,2023,Peru,1163
2831,2023,Philippinen,4978
2832,2023,Polen,16925
2833,2023,Portugal,1956
2834,2023,Ruanda,736
2835,2023,Rumänien,17172
2836,2023,Russische Föderation,13431
2837,2023,Saudi-Arabien,371
2838,2023,Schweden,3043
2839,2023,Schweiz,-2886
2840,2023,Senegal,302
2841,2023,Serbien,10484
2842,2023,Singapur,377
2843,2023,Slowakei,1115
2844,2023,Slowenien,1392
2845,2023,Somalia,4438
2846,2023,Spanien,7649
2847,2023,Sudan (einschließlich Südsudan) (bis 08.07.2011),0
2848,2023,Sudan (ohne Südsudan) (ab 09.07.2011),0
2849,2023,Syrien,100734
2850,2023,Südafrika,1087
2851,2023,Südsudan (ab 09.07.2011),0
2852,2023,Tadschikistan,763
2853,2023,Tansania,475
2854,2023,Thailand,1378
2855,2023,Tschechien,3233
2856,2023,Tunesien,7275
2857,2023,Türkei,87131
2858,2023,Uganda,1155
2859,2023,Ukraine,121121
2860,2023,Unbekanntes Ausland,21962
2861,2023,Ungarn,8441
2862,2023,Ungeklärt / Ohne Angabe,-21982
2863,2023,Uruguay,125
2864,2023,Usbekistan,1409
2865,2023,"Venezuela, Bolivarische Republik",4262
2866,2023,Vereinigte Arabische Emirate,1011
2867,2023,Vereinigte Staaten,-1173
2868,2023,Vereinigtes Königreich,1294
2869,2023,Vietnam,8651
2870,2023,Zentralafrikanische Republik,54
2871,2023,Zypern,362
2872,2023,Ägypten,6555
2873,2023,Äthiopien,1718
2874,2023,Österreich,-105
2875,2023,Übriges Afrika,12329
2876,2023,Übriges Amerika,2427
2877,2023,Übriges Asien,8245
2878,2023,Übriges Europa,3271
2879,2023,Übriges Ozeanien,7
